Run,AvgSpotLen,Bases,BioProject,BioSample,Experiment,Instrument,Library Name,LibraryLayout,LibrarySelection,LibrarySource,Organism,Platform,SRA Study,ArrayExpress-SPECIES
ERR2810470,302,15142345836,PRJEB21343,SAMEA104139121,ERX2817562,HiSeq X Ten,DN495194E:A10,PAIRED,RANDOM,GENOMIC,Maylandia zebra,ILLUMINA,ERP023585,Maylandia callainos
ERR2810472,302,13121074634,PRJEB21343,SAMEA104139123,ERX2817564,HiSeq X Ten,DN495194E:D10,PAIRED,RANDOM,GENOMIC,Copadichromis trimaculatus,ILLUMINA,ERP023585,Copadichromis trimaculatus
ERR2810473,302,17692751238,PRJEB21343,SAMEA104139124,ERX2817565,HiSeq X Ten,DN495194E:E10,PAIRED,RANDOM,GENOMIC,Cynotilapia afra,ILLUMINA,ERP023585,Cynotilapia afra
ERR2810475,302,15396775098,PRJEB21343,SAMEA104139127,ERX2817567,HiSeq X Ten,DN495191B:F1,PAIRED,RANDOM,GENOMIC,Copadichromis borleyi,ILLUMINA,ERP023585,Copadichromis borleyi
ERR2810476,302,15138875252,PRJEB21343,SAMEA104139128,ERX2817568,HiSeq X Ten,DN495191B:F2,PAIRED,RANDOM,GENOMIC,Maylandia estherae,ILLUMINA,ERP023585,Maylandia estherae
ERR2810471,302,15332385074,PRJEB21343,SAMEA104139122,ERX2817563,HiSeq X Ten,DN495194E:C10,PAIRED,RANDOM,GENOMIC,Cynotilapia afra,ILLUMINA,ERP023585,Cynotilapia afra
ERR2810474,302,14488592242,PRJEB21343,SAMEA104139125,ERX2817566,HiSeq X Ten,DN495194E:F10,PAIRED,RANDOM,GENOMIC,Cynotilapia afra,ILLUMINA,ERP023585,Cynotilapia afra
ERR2810477,302,18126321766,PRJEB21343,SAMEA104139129,ERX2817569,HiSeq X Ten,DN495191B:G2,PAIRED,RANDOM,GENOMIC,Cynotilapia afra,ILLUMINA,ERP023585,Cynotilapia afra
ERR2810478,302,16045009642,PRJEB21343,SAMEA104139130,ERX2817570,HiSeq X Ten,DN495191B:H2,PAIRED,RANDOM,GENOMIC,Cynotilapia afra,ILLUMINA,ERP023585,Cynotilapia afra
ERR2810479,302,17825128710,PRJEB21343,SAMEA104139138,ERX2817571,HiSeq X Ten,DN495191B:D4,PAIRED,RANDOM,GENOMIC,Copadichromis chrysonotus,ILLUMINA,ERP023585,Copadichromis chrysonotus
ERR2810480,302,17615817342,PRJEB21343,SAMEA104139148,ERX2817572,HiSeq X Ten,DN495191B:A7,PAIRED,RANDOM,GENOMIC,Maylandia zebra,ILLUMINA,ERP023585,Maylandia zebra
ERR2810481,302,17246343294,PRJEB21343,SAMEA104139149,ERX2817573,HiSeq X Ten,DN495191B:B7,PAIRED,RANDOM,GENOMIC,Maylandia zebra,ILLUMINA,ERP023585,Maylandia zebra
ERR2810482,302,16243488270,PRJEB21343,SAMEA104139150,ERX2817574,HiSeq X Ten,DN495191B:C7,PAIRED,RANDOM,GENOMIC,Maylandia zebra,ILLUMINA,ERP023585,Maylandia zebra
ERR2810483,302,17259679010,PRJEB21343,SAMEA104139151,ERX2817575,HiSeq X Ten,DN495191B:D7,PAIRED,RANDOM,GENOMIC,Maylandia zebra,ILLUMINA,ERP023585,Maylandia zebra
ERR2810484,302,21465573516,PRJEB21343,SAMEA104139152,ERX2817576,HiSeq X Ten,DN495191B:E7,PAIRED,RANDOM,GENOMIC,Maylandia zebra,ILLUMINA,ERP023585,Maylandia zebra
ERR2810485,302,18526148626,PRJEB21343,SAMEA104139153,ERX2817577,HiSeq X Ten,DN495191B:F7,PAIRED,RANDOM,GENOMIC,Maylandia zebra,ILLUMINA,ERP023585,Maylandia zebra
ERR2810486,302,20534599324,PRJEB21343,SAMEA104139154,ERX2817578,HiSeq X Ten,DN495191B:G7,PAIRED,RANDOM,GENOMIC,Maylandia zebra,ILLUMINA,ERP023585,Maylandia zebra
ERR2810487,302,17073055694,PRJEB21343,SAMEA104139155,ERX2817579,HiSeq X Ten,DN495191B:H7,PAIRED,RANDOM,GENOMIC,Maylandia zebra,ILLUMINA,ERP023585,Maylandia zebra
ERR2810488,302,19699114210,PRJEB21343,SAMEA104139156,ERX2817580,HiSeq X Ten,DN495191B:A8,PAIRED,RANDOM,GENOMIC,Maylandia zebra,ILLUMINA,ERP023585,Maylandia zebra
ERR2810489,302,18468253414,PRJEB21343,SAMEA104139157,ERX2817581,HiSeq X Ten,DN495191B:B8,PAIRED,RANDOM,GENOMIC,Maylandia zebra,ILLUMINA,ERP023585,Maylandia zebra
ERR2810490,302,17129324032,PRJEB21343,SAMEA104139158,ERX2817582,HiSeq X Ten,DN495191B:C8,PAIRED,RANDOM,GENOMIC,Maylandia zebra,ILLUMINA,ERP023585,Maylandia zebra
ERR2810491,302,18056896194,PRJEB21343,SAMEA104139159,ERX2817583,HiSeq X Ten,DN495191B:D8,PAIRED,RANDOM,GENOMIC,Maylandia zebra,ILLUMINA,ERP023585,Maylandia zebra
ERR2810492,302,18728690362,PRJEB21343,SAMEA104139160,ERX2817584,HiSeq X Ten,DN495191B:E8,PAIRED,RANDOM,GENOMIC,Maylandia zebra,ILLUMINA,ERP023585,Maylandia zebra
ERR2810493,302,18846724646,PRJEB21343,SAMEA104139161,ERX2817585,HiSeq X Ten,DN495191B:F8,PAIRED,RANDOM,GENOMIC,Maylandia zebra,ILLUMINA,ERP023585,Maylandia zebra
ERR2810494,302,13981924728,PRJEB21343,SAMEA104139228,ERX2817586,HiSeq X Ten,DN490201M:A9,PAIRED,RANDOM,GENOMIC,Maylandia zebra,ILLUMINA,ERP023585,Maylandia zebra
ERR2810495,302,15031697566,PRJEB21343,SAMEA104139229,ERX2817587,HiSeq X Ten,DN490201M:B9,PAIRED,RANDOM,GENOMIC,Maylandia zebra,ILLUMINA,ERP023585,Maylandia zebra
ERR2810496,302,15872470096,PRJEB21343,SAMEA104139230,ERX2817588,HiSeq X Ten,DN490201M:C9,PAIRED,RANDOM,GENOMIC,Maylandia zebra,ILLUMINA,ERP023585,Maylandia zebra
ERR2810497,302,16522217358,PRJEB21343,SAMEA104139231,ERX2817589,HiSeq X Ten,DN490201M:D9,PAIRED,RANDOM,GENOMIC,Maylandia zebra,ILLUMINA,ERP023585,Maylandia zebra
ERR2810498,302,16058613836,PRJEB21343,SAMEA104139232,ERX2817590,HiSeq X Ten,DN490201M:E9,PAIRED,RANDOM,GENOMIC,Maylandia zebra,ILLUMINA,ERP023585,Maylandia zebra
ERR2810499,302,16194943582,PRJEB21343,SAMEA104139233,ERX2817591,HiSeq X Ten,DN490201M:F9,PAIRED,RANDOM,GENOMIC,Maylandia zebra,ILLUMINA,ERP023585,Maylandia zebra
ERR2810500,302,18851691338,PRJEB21343,SAMEA104139234,ERX2817592,HiSeq X Ten,DN490201M:G9,PAIRED,RANDOM,GENOMIC,Maylandia zebra,ILLUMINA,ERP023585,Maylandia zebra
ERR2810501,302,17890339268,PRJEB21343,SAMEA104139235,ERX2817593,HiSeq X Ten,DN490201M:H9,PAIRED,RANDOM,GENOMIC,Maylandia zebra,ILLUMINA,ERP023585,Maylandia zebra
ERR2818953,302,13811589178,PRJEB21343,SAMEA104139236,ERX2825760,HiSeq X Ten,DN490201M:A10,PAIRED,RANDOM,GENOMIC,Maylandia zebra,ILLUMINA,ERP023585,Maylandia zebra
ERR2818954,302,13048199920,PRJEB21343,SAMEA104139237,ERX2825761,HiSeq X Ten,DN490201M:B10,PAIRED,RANDOM,GENOMIC,Maylandia zebra,ILLUMINA,ERP023585,Maylandia zebra
ERR2818955,302,13811651692,PRJEB21343,SAMEA104139238,ERX2825762,HiSeq X Ten,DN490201M:C10,PAIRED,RANDOM,GENOMIC,Maylandia zebra,ILLUMINA,ERP023585,Maylandia zebra
ERR2818956,302,12907029718,PRJEB21343,SAMEA104139239,ERX2825763,HiSeq X Ten,DN490201M:D10,PAIRED,RANDOM,GENOMIC,Maylandia zebra,ILLUMINA,ERP023585,Maylandia zebra
ERR2818957,302,15030613990,PRJEB21343,SAMEA104139240,ERX2825764,HiSeq X Ten,DN490201M:E10,PAIRED,RANDOM,GENOMIC,Cynotilapia afra,ILLUMINA,ERP023585,Cynotilapia afra
ERR2818958,302,13099966948,PRJEB21343,SAMEA104139241,ERX2825765,HiSeq X Ten,DN490201M:F10,PAIRED,RANDOM,GENOMIC,Cynotilapia afra,ILLUMINA,ERP023585,Cynotilapia afra
ERR2818959,302,15957282266,PRJEB21343,SAMEA104139242,ERX2825766,HiSeq X Ten,DN490201M:G10,PAIRED,RANDOM,GENOMIC,Cynotilapia afra,ILLUMINA,ERP023585,Cynotilapia afra
ERR2818960,302,15637299676,PRJEB21343,SAMEA104139243,ERX2825767,HiSeq X Ten,DN490201M:H10,PAIRED,RANDOM,GENOMIC,Cynotilapia afra,ILLUMINA,ERP023585,Cynotilapia afra
ERR2818961,302,16658551030,PRJEB21343,SAMEA104139164,ERX2825768,HiSeq X Ten,DN490201M:A1,PAIRED,RANDOM,GENOMIC,Maylandia zebra,ILLUMINA,ERP023585,Maylandia zebra
ERR2818962,302,15481577906,PRJEB21343,SAMEA104139165,ERX2825769,HiSeq X Ten,DN490201M:B1,PAIRED,RANDOM,GENOMIC,Maylandia zebra,ILLUMINA,ERP023585,Maylandia zebra
ERR2818963,302,15988508462,PRJEB21343,SAMEA104139166,ERX2825770,HiSeq X Ten,DN490201M:C1,PAIRED,RANDOM,GENOMIC,Maylandia zebra,ILLUMINA,ERP023585,Maylandia zebra
ERR2818964,302,15172671468,PRJEB21343,SAMEA104139167,ERX2825771,HiSeq X Ten,DN490201M:D1,PAIRED,RANDOM,GENOMIC,Maylandia zebra,ILLUMINA,ERP023585,Maylandia zebra
ERR2818965,302,15893811832,PRJEB21343,SAMEA104139168,ERX2825772,HiSeq X Ten,DN490201M:E1,PAIRED,RANDOM,GENOMIC,Maylandia zebra,ILLUMINA,ERP023585,Maylandia zebra
ERR2818966,302,14872143114,PRJEB21343,SAMEA104139169,ERX2825773,HiSeq X Ten,DN490201M:F1,PAIRED,RANDOM,GENOMIC,Maylandia zebra,ILLUMINA,ERP023585,Maylandia zebra
ERR2818967,302,16163017954,PRJEB21343,SAMEA104139170,ERX2825774,HiSeq X Ten,DN490201M:G1,PAIRED,RANDOM,GENOMIC,Maylandia zebra,ILLUMINA,ERP023585,Maylandia zebra
ERR2818968,302,16185169352,PRJEB21343,SAMEA104139171,ERX2825775,HiSeq X Ten,DN490201M:H1,PAIRED,RANDOM,GENOMIC,Maylandia zebra,ILLUMINA,ERP023585,Maylandia zebra
ERR2818969,302,13459385604,PRJEB21343,SAMEA104139172,ERX2825776,HiSeq X Ten,DN490201M:A2,PAIRED,RANDOM,GENOMIC,Maylandia zebra,ILLUMINA,ERP023585,Maylandia zebra
ERR2818970,302,16572781520,PRJEB21343,SAMEA104139173,ERX2825777,HiSeq X Ten,DN490201M:B2,PAIRED,RANDOM,GENOMIC,Maylandia zebra,ILLUMINA,ERP023585,Maylandia zebra
ERR2818971,302,13587714464,PRJEB21343,SAMEA104139174,ERX2825778,HiSeq X Ten,DN490201M:C2,PAIRED,RANDOM,GENOMIC,Maylandia zebra,ILLUMINA,ERP023585,Maylandia zebra
ERR2818972,302,16053856732,PRJEB21343,SAMEA104139175,ERX2825779,HiSeq X Ten,DN490201M:D2,PAIRED,RANDOM,GENOMIC,Maylandia zebra,ILLUMINA,ERP023585,Maylandia zebra
ERR2818973,302,16919192432,PRJEB21343,SAMEA104139176,ERX2825780,HiSeq X Ten,DN490201M:E2,PAIRED,RANDOM,GENOMIC,Maylandia zebra,ILLUMINA,ERP023585,Maylandia zebra
ERR2818974,302,16457329034,PRJEB21343,SAMEA104139177,ERX2825781,HiSeq X Ten,DN490201M:F2,PAIRED,RANDOM,GENOMIC,Maylandia zebra,ILLUMINA,ERP023585,Maylandia zebra
ERR2818975,302,17868788548,PRJEB21343,SAMEA104139178,ERX2825782,HiSeq X Ten,DN490201M:G2,PAIRED,RANDOM,GENOMIC,Cynotilapia afra,ILLUMINA,ERP023585,Cynotilapia afra
ERR2818976,302,18336187606,PRJEB21343,SAMEA104139179,ERX2825783,HiSeq X Ten,DN490201M:H2,PAIRED,RANDOM,GENOMIC,Cynotilapia afra,ILLUMINA,ERP023585,Cynotilapia afra
ERR2818977,302,16512750262,PRJEB21343,SAMEA104139180,ERX2825784,HiSeq X Ten,DN490201M:A3,PAIRED,RANDOM,GENOMIC,Cynotilapia afra,ILLUMINA,ERP023585,Cynotilapia afra
ERR2818978,302,16040990324,PRJEB21343,SAMEA104139181,ERX2825785,HiSeq X Ten,DN490201M:B3,PAIRED,RANDOM,GENOMIC,Cynotilapia afra,ILLUMINA,ERP023585,Cynotilapia afra
ERR2818979,302,16938620092,PRJEB21343,SAMEA104139182,ERX2825786,HiSeq X Ten,DN490201M:C3,PAIRED,RANDOM,GENOMIC,Cynotilapia afra,ILLUMINA,ERP023585,Cynotilapia afra
ERR2818980,302,15353422696,PRJEB21343,SAMEA104139183,ERX2825787,HiSeq X Ten,DN490201M:D3,PAIRED,RANDOM,GENOMIC,Cynotilapia afra,ILLUMINA,ERP023585,Cynotilapia afra
ERR2818981,302,14419777314,PRJEB21343,SAMEA104139184,ERX2825788,HiSeq X Ten,DN490201M:E3,PAIRED,RANDOM,GENOMIC,Cynotilapia afra,ILLUMINA,ERP023585,Cynotilapia afra
ERR2818982,302,16476352920,PRJEB21343,SAMEA104139185,ERX2825789,HiSeq X Ten,DN490201M:F3,PAIRED,RANDOM,GENOMIC,Cynotilapia afra,ILLUMINA,ERP023585,Cynotilapia afra
ERR2818983,302,16112246016,PRJEB21343,SAMEA104139186,ERX2825790,HiSeq X Ten,DN490201M:G3,PAIRED,RANDOM,GENOMIC,Cynotilapia afra,ILLUMINA,ERP023585,Cynotilapia afra
ERR2818984,302,15342416306,PRJEB21343,SAMEA104139187,ERX2825791,HiSeq X Ten,DN490201M:H3,PAIRED,RANDOM,GENOMIC,Cynotilapia afra,ILLUMINA,ERP023585,Cynotilapia afra
ERR2818985,302,14669926330,PRJEB21343,SAMEA104139188,ERX2825792,HiSeq X Ten,DN490201M:A4,PAIRED,RANDOM,GENOMIC,Cynotilapia afra,ILLUMINA,ERP023585,Cynotilapia afra
ERR2818986,302,15664766274,PRJEB21343,SAMEA104139189,ERX2825793,HiSeq X Ten,DN490201M:B4,PAIRED,RANDOM,GENOMIC,Cynotilapia afra,ILLUMINA,ERP023585,Cynotilapia afra
ERR2818987,302,17848790712,PRJEB21343,SAMEA104139190,ERX2825794,HiSeq X Ten,DN490201M:C4,PAIRED,RANDOM,GENOMIC,Cynotilapia afra,ILLUMINA,ERP023585,Cynotilapia afra
ERR2818988,302,17408612424,PRJEB21343,SAMEA104139191,ERX2825795,HiSeq X Ten,DN490201M:D4,PAIRED,RANDOM,GENOMIC,Cynotilapia afra,ILLUMINA,ERP023585,Cynotilapia afra
ERR2818989,302,17637979008,PRJEB21343,SAMEA104139192,ERX2825796,HiSeq X Ten,DN490201M:E4,PAIRED,RANDOM,GENOMIC,Cynotilapia afra,ILLUMINA,ERP023585,Cynotilapia afra
ERR2818990,302,15812151636,PRJEB21343,SAMEA104139193,ERX2825797,HiSeq X Ten,DN490201M:F4,PAIRED,RANDOM,GENOMIC,Cynotilapia afra,ILLUMINA,ERP023585,Cynotilapia afra
ERR2818991,302,16507488214,PRJEB21343,SAMEA104139194,ERX2825798,HiSeq X Ten,DN490201M:G4,PAIRED,RANDOM,GENOMIC,Cynotilapia afra,ILLUMINA,ERP023585,Cynotilapia afra
ERR2818992,302,15027990214,PRJEB21343,SAMEA104139195,ERX2825799,HiSeq X Ten,DN490201M:H4,PAIRED,RANDOM,GENOMIC,Cynotilapia afra,ILLUMINA,ERP023585,Cynotilapia afra
ERR2818993,302,15427098616,PRJEB21343,SAMEA104139196,ERX2825800,HiSeq X Ten,DN490201M:A5,PAIRED,RANDOM,GENOMIC,Cynotilapia afra,ILLUMINA,ERP023585,Cynotilapia afra
ERR2818994,302,16187186108,PRJEB21343,SAMEA104139197,ERX2825801,HiSeq X Ten,DN490201M:B5,PAIRED,RANDOM,GENOMIC,Cynotilapia afra,ILLUMINA,ERP023585,Cynotilapia afra
ERR2818995,302,16661458384,PRJEB21343,SAMEA104139198,ERX2825802,HiSeq X Ten,DN490201M:C5,PAIRED,RANDOM,GENOMIC,Cynotilapia afra,ILLUMINA,ERP023585,Cynotilapia afra
ERR2818996,302,16152113036,PRJEB21343,SAMEA104139199,ERX2825803,HiSeq X Ten,DN490201M:D5,PAIRED,RANDOM,GENOMIC,Cynotilapia afra,ILLUMINA,ERP023585,Cynotilapia afra
ERR2818997,302,17477806362,PRJEB21343,SAMEA104139200,ERX2825804,HiSeq X Ten,DN490201M:E5,PAIRED,RANDOM,GENOMIC,Cynotilapia afra,ILLUMINA,ERP023585,Cynotilapia afra
ERR2818998,302,14988685820,PRJEB21343,SAMEA104139201,ERX2825805,HiSeq X Ten,DN490201M:F5,PAIRED,RANDOM,GENOMIC,Cynotilapia afra,ILLUMINA,ERP023585,Cynotilapia afra
ERR2818999,302,17610233966,PRJEB21343,SAMEA104139202,ERX2825806,HiSeq X Ten,DN490201M:G5,PAIRED,RANDOM,GENOMIC,Cynotilapia afra,ILLUMINA,ERP023585,Cynotilapia afra
ERR2819000,302,16148470916,PRJEB21343,SAMEA104139203,ERX2825807,HiSeq X Ten,DN490201M:H5,PAIRED,RANDOM,GENOMIC,Cynotilapia afra,ILLUMINA,ERP023585,Cynotilapia afra
ERR2819001,302,17062242584,PRJEB21343,SAMEA104139244,ERX2825808,HiSeq X Ten,DN490201M:A11,PAIRED,RANDOM,GENOMIC,Cynotilapia afra,ILLUMINA,ERP023585,Cynotilapia afra
ERR2819002,302,18201988168,PRJEB21343,SAMEA104139245,ERX2825809,HiSeq X Ten,DN490201M:B11,PAIRED,RANDOM,GENOMIC,Cynotilapia afra,ILLUMINA,ERP023585,Cynotilapia afra
ERR2819003,302,15657238320,PRJEB21343,SAMEA104139246,ERX2825810,HiSeq X Ten,DN490201M:C11,PAIRED,RANDOM,GENOMIC,Cynotilapia afra,ILLUMINA,ERP023585,Cynotilapia afra
ERR2819004,302,16783096434,PRJEB21343,SAMEA104139247,ERX2825811,HiSeq X Ten,DN490201M:D11,PAIRED,RANDOM,GENOMIC,Cynotilapia afra,ILLUMINA,ERP023585,Cynotilapia afra
ERR2819005,302,17617704540,PRJEB21343,SAMEA104139248,ERX2825812,HiSeq X Ten,DN490201M:E11,PAIRED,RANDOM,GENOMIC,Cynotilapia afra,ILLUMINA,ERP023585,Cynotilapia afra
ERR2819006,302,17065745784,PRJEB21343,SAMEA104139249,ERX2825813,HiSeq X Ten,DN490201M:F11,PAIRED,RANDOM,GENOMIC,Cynotilapia afra,ILLUMINA,ERP023585,Cynotilapia afra
ERR2819007,302,17385738340,PRJEB21343,SAMEA104139250,ERX2825814,HiSeq X Ten,DN490201M:G11,PAIRED,RANDOM,GENOMIC,Cynotilapia afra,ILLUMINA,ERP023585,Cynotilapia afra
ERR2819008,302,17548333026,PRJEB21343,SAMEA104139251,ERX2825815,HiSeq X Ten,DN490201M:H11,PAIRED,RANDOM,GENOMIC,Cynotilapia afra,ILLUMINA,ERP023585,Cynotilapia afra
ERR2819009,302,16831307714,PRJEB21343,SAMEA104139204,ERX2825816,HiSeq X Ten,DN490201M:A6,PAIRED,RANDOM,GENOMIC,Cynotilapia afra,ILLUMINA,ERP023585,Cynotilapia afra
ERR2819010,302,17019206678,PRJEB21343,SAMEA104139205,ERX2825817,HiSeq X Ten,DN490201M:B6,PAIRED,RANDOM,GENOMIC,Cynotilapia afra,ILLUMINA,ERP023585,Cynotilapia afra
ERR2819011,302,18886140176,PRJEB21343,SAMEA104139206,ERX2825818,HiSeq X Ten,DN490201M:C6,PAIRED,RANDOM,GENOMIC,Cynotilapia afra,ILLUMINA,ERP023585,Cynotilapia afra
ERR2819012,302,19702012806,PRJEB21343,SAMEA104139207,ERX2825819,HiSeq X Ten,DN490201M:D6,PAIRED,RANDOM,GENOMIC,Cynotilapia afra,ILLUMINA,ERP023585,Cynotilapia afra
ERR2819013,302,18446280196,PRJEB21343,SAMEA104139208,ERX2825820,HiSeq X Ten,DN490201M:E6,PAIRED,RANDOM,GENOMIC,Cynotilapia afra,ILLUMINA,ERP023585,Cynotilapia afra
ERR2819014,302,15243104210,PRJEB21343,SAMEA104139209,ERX2825821,HiSeq X Ten,DN490201M:F6,PAIRED,RANDOM,GENOMIC,Cynotilapia afra,ILLUMINA,ERP023585,Cynotilapia afra
ERR2819015,302,18660553726,PRJEB21343,SAMEA104139210,ERX2825822,HiSeq X Ten,DN490201M:G6,PAIRED,RANDOM,GENOMIC,Cynotilapia afra,ILLUMINA,ERP023585,Cynotilapia afra
ERR2819016,302,20260356144,PRJEB21343,SAMEA104139211,ERX2825823,HiSeq X Ten,DN490201M:H6,PAIRED,RANDOM,GENOMIC,Maylandia zebra,ILLUMINA,ERP023585,Maylandia zebra
ERR2819017,302,15322133382,PRJEB21343,SAMEA104139212,ERX2825824,HiSeq X Ten,DN490201M:A7,PAIRED,RANDOM,GENOMIC,Maylandia zebra,ILLUMINA,ERP023585,Maylandia zebra
ERR2819018,302,16722017840,PRJEB21343,SAMEA104139213,ERX2825825,HiSeq X Ten,DN490201M:B7,PAIRED,RANDOM,GENOMIC,Maylandia zebra,ILLUMINA,ERP023585,Maylandia zebra
ERR2819019,302,16288214470,PRJEB21343,SAMEA104139214,ERX2825826,HiSeq X Ten,DN490201M:C7,PAIRED,RANDOM,GENOMIC,Maylandia zebra,ILLUMINA,ERP023585,Maylandia zebra
ERR2819020,302,16413118348,PRJEB21343,SAMEA104139215,ERX2825827,HiSeq X Ten,DN490201M:D7,PAIRED,RANDOM,GENOMIC,Maylandia zebra,ILLUMINA,ERP023585,Maylandia zebra
ERR2819021,302,18267543006,PRJEB21343,SAMEA104139216,ERX2825828,HiSeq X Ten,DN490201M:E7,PAIRED,RANDOM,GENOMIC,Maylandia zebra,ILLUMINA,ERP023585,Maylandia zebra
ERR2819022,302,17264927166,PRJEB21343,SAMEA104139217,ERX2825829,HiSeq X Ten,DN490201M:F7,PAIRED,RANDOM,GENOMIC,Maylandia zebra,ILLUMINA,ERP023585,Maylandia zebra
ERR2819023,302,16924380188,PRJEB21343,SAMEA104139218,ERX2825830,HiSeq X Ten,DN490201M:G7,PAIRED,RANDOM,GENOMIC,Maylandia zebra,ILLUMINA,ERP023585,Maylandia zebra
ERR2819024,302,17913158388,PRJEB21343,SAMEA104139219,ERX2825831,HiSeq X Ten,DN490201M:H7,PAIRED,RANDOM,GENOMIC,Maylandia zebra,ILLUMINA,ERP023585,Maylandia zebra
ERR2819025,302,16490980290,PRJEB21343,SAMEA104139220,ERX2825832,HiSeq X Ten,DN490201M:A8,PAIRED,RANDOM,GENOMIC,Maylandia zebra,ILLUMINA,ERP023585,Maylandia zebra
ERR2819026,302,16892424058,PRJEB21343,SAMEA104139221,ERX2825833,HiSeq X Ten,DN490201M:B8,PAIRED,RANDOM,GENOMIC,Maylandia zebra,ILLUMINA,ERP023585,Maylandia zebra
ERR2819027,302,16482207794,PRJEB21343,SAMEA104139222,ERX2825834,HiSeq X Ten,DN490201M:C8,PAIRED,RANDOM,GENOMIC,Maylandia zebra,ILLUMINA,ERP023585,Maylandia zebra
ERR2819028,302,16640729406,PRJEB21343,SAMEA104139223,ERX2825835,HiSeq X Ten,DN490201M:D8,PAIRED,RANDOM,GENOMIC,Maylandia zebra,ILLUMINA,ERP023585,Maylandia zebra
ERR2819029,302,18469952768,PRJEB21343,SAMEA104139224,ERX2825836,HiSeq X Ten,DN490201M:E8,PAIRED,RANDOM,GENOMIC,Maylandia zebra,ILLUMINA,ERP023585,Maylandia zebra
ERR2819030,302,15944175466,PRJEB21343,SAMEA104139225,ERX2825837,HiSeq X Ten,DN490201M:F8,PAIRED,RANDOM,GENOMIC,Maylandia zebra,ILLUMINA,ERP023585,Maylandia zebra
ERR2819031,302,16639493622,PRJEB21343,SAMEA104139226,ERX2825838,HiSeq X Ten,DN490201M:G8,PAIRED,RANDOM,GENOMIC,Maylandia zebra,ILLUMINA,ERP023585,Maylandia zebra
ERR2819032,302,17481975170,PRJEB21343,SAMEA104139227,ERX2825839,HiSeq X Ten,DN490201M:H8,PAIRED,RANDOM,GENOMIC,Maylandia zebra,ILLUMINA,ERP023585,Maylandia zebra
ERR2819033,302,16729749644,PRJEB21343,SAMEA104139252,ERX2825840,HiSeq X Ten,DN490201M:A12,PAIRED,RANDOM,GENOMIC,Cynotilapia afra,ILLUMINA,ERP023585,Cynotilapia afra
ERR2819034,302,15734882218,PRJEB21343,SAMEA104139253,ERX2825841,HiSeq X Ten,DN490201M:B12,PAIRED,RANDOM,GENOMIC,Cynotilapia afra,ILLUMINA,ERP023585,Cynotilapia afra
ERR2819035,302,17063087882,PRJEB21343,SAMEA104139254,ERX2825842,HiSeq X Ten,DN490201M:C12,PAIRED,RANDOM,GENOMIC,Cynotilapia afra,ILLUMINA,ERP023585,Cynotilapia afra
ERR2819036,302,17325470012,PRJEB21343,SAMEA104139255,ERX2825843,HiSeq X Ten,DN490201M:D12,PAIRED,RANDOM,GENOMIC,Cynotilapia afra,ILLUMINA,ERP023585,Cynotilapia afra
ERR2819037,302,18263869176,PRJEB21343,SAMEA104139256,ERX2825844,HiSeq X Ten,DN490201M:E12,PAIRED,RANDOM,GENOMIC,Cynotilapia afra,ILLUMINA,ERP023585,Cynotilapia afra
ERR2819038,302,16051508380,PRJEB21343,SAMEA104139257,ERX2825845,HiSeq X Ten,DN490201M:F12,PAIRED,RANDOM,GENOMIC,Cynotilapia afra,ILLUMINA,ERP023585,Cynotilapia afra
ERR2819039,302,17432713836,PRJEB21343,SAMEA104139258,ERX2825846,HiSeq X Ten,DN490201M:G12,PAIRED,RANDOM,GENOMIC,Cynotilapia afra,ILLUMINA,ERP023585,Cynotilapia afra
ERR2819040,302,19921330944,PRJEB21343,SAMEA104139259,ERX2825847,HiSeq X Ten,DN490201M:H12,PAIRED,RANDOM,GENOMIC,Cynotilapia afra,ILLUMINA,ERP023585,Cynotilapia afra
ERR2844870,302,15166153100,PRJEB21343,SAMEA104139126,ERX2851595,HiSeq X Ten,DN495194E:G11,PAIRED,RANDOM,GENOMIC,Maylandia aurora,ILLUMINA,ERP023585,Maylandia aurora
ERR2844871,302,20483301000,PRJEB21343,SAMEA104139162,ERX2851596,HiSeq X Ten,DN495191B:G8,PAIRED,RANDOM,GENOMIC,Maylandia zebra,ILLUMINA,ERP023585,Maylandia zebra
ERR2844872,302,19959084266,PRJEB21343,SAMEA104139163,ERX2851597,HiSeq X Ten,DN495191B:H8,PAIRED,RANDOM,GENOMIC,Pseudotropheus crabro,ILLUMINA,ERP023585,Pseudotropheus crabro
ERR2854138,302,16033712426,PRJEB21343,SAMEA104139131,ERX2860727,HiSeq X Ten,DN495191B:A3,PAIRED,RANDOM,GENOMIC,Cynotilapia afra,ILLUMINA,ERP023585,Cynotilapia afra
ERR2854139,302,17618345988,PRJEB21343,SAMEA104139132,ERX2860728,HiSeq X Ten,DN495191B:B3,PAIRED,RANDOM,GENOMIC,Cynotilapia afra,ILLUMINA,ERP023585,Cynotilapia afra
ERR2854140,302,17586898728,PRJEB21343,SAMEA104139133,ERX2860729,HiSeq X Ten,DN495191B:C3,PAIRED,RANDOM,GENOMIC,Cynotilapia afra,ILLUMINA,ERP023585,Cynotilapia afra
ERR2854141,302,16276132356,PRJEB21343,SAMEA104139134,ERX2860730,HiSeq X Ten,DN495191B:D3,PAIRED,RANDOM,GENOMIC,Cynotilapia afra,ILLUMINA,ERP023585,Cynotilapia afra
ERR2854142,302,16537709052,PRJEB21343,SAMEA104139135,ERX2860731,HiSeq X Ten,DN495191B:E3,PAIRED,RANDOM,GENOMIC,Cynotilapia afra,ILLUMINA,ERP023585,Cynotilapia afra
ERR2854143,302,18097306814,PRJEB21343,SAMEA104139136,ERX2860732,HiSeq X Ten,DN495191B:F3,PAIRED,RANDOM,GENOMIC,Cynotilapia afra,ILLUMINA,ERP023585,Cynotilapia afra
ERR2854144,302,16572246376,PRJEB21343,SAMEA104139137,ERX2860733,HiSeq X Ten,DN495191B:G3,PAIRED,RANDOM,GENOMIC,Cynotilapia afra,ILLUMINA,ERP023585,Cynotilapia afra
ERR2854145,302,16107127720,PRJEB21343,SAMEA104139139,ERX2860734,HiSeq X Ten,DN495191B:H5,PAIRED,RANDOM,GENOMIC,Maylandia zebra,ILLUMINA,ERP023585,Maylandia zebra
ERR2854146,302,16259091402,PRJEB21343,SAMEA104139140,ERX2860735,HiSeq X Ten,DN495191B:A6,PAIRED,RANDOM,GENOMIC,Cynotilapia afra,ILLUMINA,ERP023585,Cynotilapia afra
ERR2854147,302,15102602032,PRJEB21343,SAMEA104139141,ERX2860736,HiSeq X Ten,DN495191B:B6,PAIRED,RANDOM,GENOMIC,Cynotilapia afra,ILLUMINA,ERP023585,Cynotilapia afra
ERR2854148,302,15181597380,PRJEB21343,SAMEA104139142,ERX2860737,HiSeq X Ten,DN495191B:C6,PAIRED,RANDOM,GENOMIC,Cynotilapia afra,ILLUMINA,ERP023585,Cynotilapia afra
ERR2854149,302,18534874916,PRJEB21343,SAMEA104139143,ERX2860738,HiSeq X Ten,DN495191B:D6,PAIRED,RANDOM,GENOMIC,Cynotilapia afra,ILLUMINA,ERP023585,Cynotilapia afra
ERR2854150,302,17710997776,PRJEB21343,SAMEA104139144,ERX2860739,HiSeq X Ten,DN495191B:E6,PAIRED,RANDOM,GENOMIC,Cynotilapia afra,ILLUMINA,ERP023585,Cynotilapia afra
ERR2854151,302,16338823026,PRJEB21343,SAMEA104139145,ERX2860740,HiSeq X Ten,DN495191B:F6,PAIRED,RANDOM,GENOMIC,Cynotilapia afra,ILLUMINA,ERP023585,Cynotilapia afra
ERR2854152,302,16847401596,PRJEB21343,SAMEA104139146,ERX2860741,HiSeq X Ten,DN495191B:G6,PAIRED,RANDOM,GENOMIC,Cynotilapia afra,ILLUMINA,ERP023585,Cynotilapia afra
ERR2854153,302,16863711106,PRJEB21343,SAMEA104139147,ERX2860742,HiSeq X Ten,DN495191B:H6,PAIRED,RANDOM,GENOMIC,Maylandia zebra,ILLUMINA,ERP023585,Maylandia zebra
ERR14985334,302,16105325988,PRJEB21343,SAMEA118281372,ERX14389601,HiSeq X Ten,DN495180V:H3,PAIRED,RANDOM,GENOMIC,Otopharynx argyrosoma,ILLUMINA,ERP023585,Otopharynx argyrosoma
ERR14733544,302,14999559028,PRJEB21343,SAMEA117805912,ERX14134969,HiSeq X Ten,DN495173W:A7,PAIRED,RANDOM,GENOMIC,Alticorpus peterdaviesi,ILLUMINA,ERP023585,Alticorpus peterdaviesi
ERR14733545,302,15624833116,PRJEB21343,SAMEA117805913,ERX14134970,HiSeq X Ten,DN495173W:B7,PAIRED,RANDOM,GENOMIC,Alticorpus peterdaviesi,ILLUMINA,ERP023585,Alticorpus peterdaviesi
ERR14733546,302,16560300766,PRJEB21343,SAMEA117805914,ERX14134971,HiSeq X Ten,DN495173W:C7,PAIRED,RANDOM,GENOMIC,Lethrinops atrilabris,ILLUMINA,ERP023585,Lethrinops atrilabris
ERR14733547,302,15754503158,PRJEB21343,SAMEA117805915,ERX14134972,HiSeq X Ten,DN495173W:D7,PAIRED,RANDOM,GENOMIC,Aulonocara sp. 'six bar Cape Maclear 2016',ILLUMINA,ERP023585,Aulonocara sp. 'six bar'
ERR14733548,302,17983322350,PRJEB21343,SAMEA117805916,ERX14134973,HiSeq X Ten,DN495173W:E7,PAIRED,RANDOM,GENOMIC,Aulonocara sp. 'yellow',ILLUMINA,ERP023585,Aulonocara sp. 'yellow'
ERR14733549,302,17131792882,PRJEB21343,SAMEA117805917,ERX14134974,HiSeq X Ten,DN495173W:F7,PAIRED,RANDOM,GENOMIC,Aulonocara sp. 'yellow',ILLUMINA,ERP023585,Aulonocara sp. 'yellow'
ERR14733550,302,19539503888,PRJEB21343,SAMEA117805918,ERX14134975,HiSeq X Ten,DN495173W:G7,PAIRED,RANDOM,GENOMIC,Trematocranus sp. 'cape maclear 2016',ILLUMINA,ERP023585,Trematocranus sp. 'cape maclear 2016'
ERR14733551,302,15748497888,PRJEB21343,SAMEA117805919,ERX14134976,HiSeq X Ten,DN495173W:H7,PAIRED,RANDOM,GENOMIC,Otopharynx panniculus,ILLUMINA,ERP023585,Otopharynx panniculus
ERR14733552,302,15376066958,PRJEB21343,SAMEA117807784,ERX14134977,HiSeq X Ten,DN495180V:A12,PAIRED,RANDOM,GENOMIC,Pseudotropheus microstoma,ILLUMINA,ERP023585,Tropheops microstoma
ERR14733553,302,14095612628,PRJEB21343,SAMEA117807786,ERX14134978,HiSeq X Ten,DN495180V:B12,PAIRED,RANDOM,GENOMIC,Pseudotropheus microstoma,ILLUMINA,ERP023585,Tropheops microstoma
ERR14733554,302,15772199150,PRJEB21343,SAMEA117806213,ERX14134979,HiSeq X Ten,DN495180V:C12,PAIRED,RANDOM,GENOMIC,Tropheops cf. gracilior Nankumba,ILLUMINA,ERP023585,Tropheops cf. gracilior Nankumba
ERR14733555,302,18449669844,PRJEB21343,SAMEA117806214,ERX14134980,HiSeq X Ten,DN495180V:D12,PAIRED,RANDOM,GENOMIC,Tropheops cf. gracilior Nankumba,ILLUMINA,ERP023585,Tropheops cf. gracilior Nankumba
ERR14733556,302,15931362512,PRJEB21343,SAMEA117806216,ERX14134981,HiSeq X Ten,DN495180V:E12,PAIRED,RANDOM,GENOMIC,Otopharynx sp. 'heterodon nankumba',ILLUMINA,ERP023585,Otopharynx sp. 'heterodon nankumba'
ERR14733557,302,17491640982,PRJEB21343,SAMEA117806217,ERX14134982,HiSeq X Ten,DN495180V:F12,PAIRED,RANDOM,GENOMIC,Tropheops tropheops,ILLUMINA,ERP023585,Tropheops tropheops
ERR14733558,302,16227458110,PRJEB21343,SAMEA117806218,ERX14134983,HiSeq X Ten,DN495180V:G12,PAIRED,RANDOM,GENOMIC,Tropheops tropheops,ILLUMINA,ERP023585,Tropheops tropheops
ERR14733559,302,18098457434,PRJEB21343,SAMEA117806221,ERX14134984,HiSeq X Ten,DN495180V:H12,PAIRED,RANDOM,GENOMIC,Engraulicypris sardella,ILLUMINA,ERP023585,Engraulicypris sardella
ERR14733560,302,15626252516,PRJEB21343,SAMEA117805973,ERX14134985,HiSeq X Ten,DN495179F:A9,PAIRED,RANDOM,GENOMIC,Sciaenochromis benthicola,ILLUMINA,ERP023585,Sciaenochromis benthicola
ERR14733561,302,16936934932,PRJEB21343,SAMEA117805975,ERX14134986,HiSeq X Ten,DN495179F:B9,PAIRED,RANDOM,GENOMIC,Stigmatochromis macrorhynchos,ILLUMINA,ERP023585,Stigmatochromis macrorhynchos
ERR14733562,302,15811732158,PRJEB21343,SAMEA117805979,ERX14134987,HiSeq X Ten,DN495179F:C9,PAIRED,RANDOM,GENOMIC,Lethrinops cf. albus 'deep-water',ILLUMINA,ERP023585,Lethrinops cf. albus 'deep-water'
ERR14733563,302,17753770640,PRJEB21343,SAMEA117805981,ERX14134988,HiSeq X Ten,DN495179F:D9,PAIRED,RANDOM,GENOMIC,Lethrinops gossei,ILLUMINA,ERP023585,Lethrinops gossei
ERR14733564,302,16503933976,PRJEB21343,SAMEA117805982,ERX14134989,HiSeq X Ten,DN495179F:E9,PAIRED,RANDOM,GENOMIC,Lethrinops gossei,ILLUMINA,ERP023585,Lethrinops gossei
ERR14733565,302,17541577890,PRJEB21343,SAMEA117805985,ERX14134990,HiSeq X Ten,DN495179F:F9,PAIRED,RANDOM,GENOMIC,Lethrinops gossei,ILLUMINA,ERP023585,Lethrinops gossei
ERR14733566,302,19657590418,PRJEB21343,SAMEA117805998,ERX14134991,HiSeq X Ten,DN495179F:G9,PAIRED,RANDOM,GENOMIC,Aulonocara sp. 'deep',ILLUMINA,ERP023585,Aulonocara sp. 'deep'
ERR14733567,302,18693446056,PRJEB21343,SAMEA117806023,ERX14134992,HiSeq X Ten,DN495179F:H9,PAIRED,RANDOM,GENOMIC,Stigmatochromis woodi,ILLUMINA,ERP023585,Stigmatochromis woodi
ERR14733568,302,15846321124,PRJEB21343,SAMEA117806027,ERX14134993,HiSeq X Ten,DN495179F:A10,PAIRED,RANDOM,GENOMIC,Chilotilapia rhoadesii,ILLUMINA,ERP023585,Chilotilapia rhoadesii
ERR14733569,302,16501086116,PRJEB21343,SAMEA117806029,ERX14134994,HiSeq X Ten,DN495179F:B10,PAIRED,RANDOM,GENOMIC,Taeniolethrinops sp. 'furcicauda yellow Makanjira 2016',ILLUMINA,ERP023585,Taeniolethrinops sp. 'furcicauda yellow Makanjira 2016'
ERR14733570,302,15307004390,PRJEB21343,SAMEA117806030,ERX14134995,HiSeq X Ten,DN495179F:C10,PAIRED,RANDOM,GENOMIC,Lethrinops parvidens,ILLUMINA,ERP023585,Lethrinops parvidens
ERR14733571,302,14120984252,PRJEB21343,SAMEA117805862,ERX14134996,HiSeq X Ten,DN495179F:D10,PAIRED,RANDOM,GENOMIC,Trematocranus placodon,ILLUMINA,ERP023585,Trematocranus placodon
ERR14733572,302,18536218816,PRJEB21343,SAMEA117805868,ERX14134997,HiSeq X Ten,DN495179F:E10,PAIRED,RANDOM,GENOMIC,Chilotilapia rhoadesii,ILLUMINA,ERP023585,Chilotilapia rhoadesii
ERR14733573,302,15460797286,PRJEB21343,SAMEA117805869,ERX14134998,HiSeq X Ten,DN495179F:F10,PAIRED,RANDOM,GENOMIC,Chilotilapia rhoadesii,ILLUMINA,ERP023585,Chilotilapia rhoadesii
ERR14733574,302,19314309434,PRJEB21343,SAMEA117805870,ERX14134999,HiSeq X Ten,DN495179F:G10,PAIRED,RANDOM,GENOMIC,Sciaenochromis spilostichus,ILLUMINA,ERP023585,Mylochromis spilostichus
ERR14733575,302,18827837566,PRJEB21343,SAMEA117805935,ERX14135000,HiSeq X Ten,DN495179F:H10,PAIRED,RANDOM,GENOMIC,Mylochromis melanonotus,ILLUMINA,ERP023585,Mylochromis melanonotus
ERR14733576,302,13766252334,PRJEB21343,SAMEA117806124,ERX14135001,HiSeq X Ten,DN495180V:A2,PAIRED,RANDOM,GENOMIC,Chilotilapia rhoadesii,ILLUMINA,ERP023585,Chilotilapia rhoadesii
ERR14733577,302,16727338778,PRJEB21343,SAMEA117806125,ERX14135002,HiSeq X Ten,DN495180V:B2,PAIRED,RANDOM,GENOMIC,Chilotilapia rhoadesii,ILLUMINA,ERP023585,Chilotilapia rhoadesii
ERR14733578,302,15203014616,PRJEB21343,SAMEA117806126,ERX14135003,HiSeq X Ten,DN495180V:C2,PAIRED,RANDOM,GENOMIC,Chilotilapia rhoadesii,ILLUMINA,ERP023585,Chilotilapia rhoadesii
ERR14733579,302,16016759052,PRJEB21343,SAMEA117806127,ERX14135004,HiSeq X Ten,DN495180V:D2,PAIRED,RANDOM,GENOMIC,Trematocranus placodon,ILLUMINA,ERP023585,Trematocranus placodon
ERR14733580,302,16807667154,PRJEB21343,SAMEA117806128,ERX14135005,HiSeq X Ten,DN495180V:E2,PAIRED,RANDOM,GENOMIC,Trematocranus placodon,ILLUMINA,ERP023585,Trematocranus placodon
ERR14733581,302,17761701462,PRJEB21343,SAMEA117806129,ERX14135006,HiSeq X Ten,DN495180V:F2,PAIRED,RANDOM,GENOMIC,Trematocranus placodon,ILLUMINA,ERP023585,Trematocranus placodon
ERR14733582,302,19368542292,PRJEB21343,SAMEA117806130,ERX14135007,HiSeq X Ten,DN495180V:G2,PAIRED,RANDOM,GENOMIC,Trematocranus placodon,ILLUMINA,ERP023585,Trematocranus placodon
ERR14733583,302,20779299052,PRJEB21343,SAMEA117806131,ERX14135008,HiSeq X Ten,DN495180V:H2,PAIRED,RANDOM,GENOMIC,Trematocranus placodon,ILLUMINA,ERP023585,Trematocranus placodon
ERR14733584,302,15834603826,PRJEB21343,SAMEA117806148,ERX14135009,HiSeq X Ten,DN495180V:A5,PAIRED,RANDOM,GENOMIC,Mylochromis subocularis,ILLUMINA,ERP023585,Mylochromis subocularis
ERR14733585,302,19337589104,PRJEB21343,SAMEA117806149,ERX14135010,HiSeq X Ten,DN495180V:B5,PAIRED,RANDOM,GENOMIC,Mylochromis subocularis,ILLUMINA,ERP023585,Mylochromis subocularis
ERR14733586,302,16505744768,PRJEB21343,SAMEA117806150,ERX14135011,HiSeq X Ten,DN495180V:C5,PAIRED,RANDOM,GENOMIC,Mylochromis subocularis,ILLUMINA,ERP023585,Mylochromis subocularis
ERR14733587,302,16658856050,PRJEB21343,SAMEA117806151,ERX14135012,HiSeq X Ten,DN495180V:E5,PAIRED,RANDOM,GENOMIC,Otopharynx tetrastigma,ILLUMINA,ERP023585,Otopharynx tetrastigma
ERR14733588,302,17378548324,PRJEB21343,SAMEA117806152,ERX14135013,HiSeq X Ten,DN495180V:F5,PAIRED,RANDOM,GENOMIC,Otopharynx tetrastigma,ILLUMINA,ERP023585,Otopharynx tetrastigma
ERR14733589,302,16803594080,PRJEB21343,SAMEA117806154,ERX14135014,HiSeq X Ten,DN495180V:G5,PAIRED,RANDOM,GENOMIC,Stigmatochromis melanchros,ILLUMINA,ERP023585,Stigmatochromis melanchros
ERR14733590,302,17991789826,PRJEB21343,SAMEA117806155,ERX14135015,HiSeq X Ten,DN495180V:H5,PAIRED,RANDOM,GENOMIC,Stigmatochromis melanchros,ILLUMINA,ERP023585,Stigmatochromis melanchros
ERR14733591,302,15033095524,PRJEB21343,SAMEA117806167,ERX14135016,HiSeq X Ten,DN495180V:A7,PAIRED,RANDOM,GENOMIC,Otopharynx argyrosoma,ILLUMINA,ERP023585,Otopharynx argyrosoma
ERR14733592,302,15440712776,PRJEB21343,SAMEA117806168,ERX14135017,HiSeq X Ten,DN495180V:B7,PAIRED,RANDOM,GENOMIC,Otopharynx argyrosoma,ILLUMINA,ERP023585,Otopharynx argyrosoma
ERR14733593,302,16571061932,PRJEB21343,SAMEA117806169,ERX14135018,HiSeq X Ten,DN495180V:C7,PAIRED,RANDOM,GENOMIC,Otopharynx argyrosoma,ILLUMINA,ERP023585,Otopharynx argyrosoma
ERR14733594,302,16843115914,PRJEB21343,SAMEA117806170,ERX14135019,HiSeq X Ten,DN495180V:D7,PAIRED,RANDOM,GENOMIC,Otopharynx argyrosoma,ILLUMINA,ERP023585,Otopharynx argyrosoma
ERR14733595,302,19592020782,PRJEB21343,SAMEA117806171,ERX14135020,HiSeq X Ten,DN495180V:E7,PAIRED,RANDOM,GENOMIC,Otopharynx argyrosoma,ILLUMINA,ERP023585,Otopharynx argyrosoma
ERR14733596,302,17315509448,PRJEB21343,SAMEA117806172,ERX14135021,HiSeq X Ten,DN495180V:F7,PAIRED,RANDOM,GENOMIC,Otopharynx argyrosoma,ILLUMINA,ERP023585,Otopharynx argyrosoma
ERR14733597,302,18802995650,PRJEB21343,SAMEA117806176,ERX14135022,HiSeq X Ten,DN495180V:G7,PAIRED,RANDOM,GENOMIC,Copadichromis mloto,ILLUMINA,ERP023585,Copadichromis mloto
ERR14733598,302,18242494522,PRJEB21343,SAMEA117806177,ERX14135023,HiSeq X Ten,DN495180V:H7,PAIRED,RANDOM,GENOMIC,Copadichromis chrysonotus,ILLUMINA,ERP023585,Copadichromis chrysonotus
ERR14733599,302,16224095944,PRJEB21343,SAMEA117806178,ERX14135024,HiSeq X Ten,DN495180V:A8,PAIRED,RANDOM,GENOMIC,Copadichromis chrysonotus,ILLUMINA,ERP023585,Copadichromis chrysonotus
ERR14733600,302,16464567068,PRJEB21343,SAMEA117806179,ERX14135025,HiSeq X Ten,DN495180V:B8,PAIRED,RANDOM,GENOMIC,Copadichromis chrysonotus,ILLUMINA,ERP023585,Copadichromis chrysonotus
ERR14733601,302,18829401322,PRJEB21343,SAMEA117806180,ERX14135026,HiSeq X Ten,DN495180V:C8,PAIRED,RANDOM,GENOMIC,Copadichromis chrysonotus,ILLUMINA,ERP023585,Copadichromis chrysonotus
ERR14733602,302,16344568576,PRJEB21343,SAMEA117806181,ERX14135027,HiSeq X Ten,DN495180V:D8,PAIRED,RANDOM,GENOMIC,Copadichromis chrysonotus,ILLUMINA,ERP023585,Copadichromis chrysonotus
ERR14733603,302,16824893838,PRJEB21343,SAMEA117806182,ERX14135028,HiSeq X Ten,DN495180V:E8,PAIRED,RANDOM,GENOMIC,Copadichromis chrysonotus,ILLUMINA,ERP023585,Copadichromis chrysonotus
ERR14733604,302,17722086310,PRJEB21343,SAMEA117806183,ERX14135029,HiSeq X Ten,DN495180V:F8,PAIRED,RANDOM,GENOMIC,Copadichromis chrysonotus,ILLUMINA,ERP023585,Copadichromis chrysonotus
ERR14733605,302,17344077138,PRJEB21343,SAMEA117806184,ERX14135030,HiSeq X Ten,DN495180V:G8,PAIRED,RANDOM,GENOMIC,Copadichromis chrysonotus,ILLUMINA,ERP023585,Copadichromis chrysonotus
ERR14733606,302,19987582496,PRJEB21343,SAMEA117806185,ERX14135031,HiSeq X Ten,DN495180V:H8,PAIRED,RANDOM,GENOMIC,Otopharynx argyrosoma,ILLUMINA,ERP023585,Otopharynx argyrosoma
ERR14733607,302,16054881418,PRJEB21343,SAMEA117806291,ERX14135032,HiSeq X Ten,DN495194E:A9,PAIRED,RANDOM,GENOMIC,Rhamphochromis sp. 'chilingali',ILLUMINA,ERP023585,Rhamphochromis sp. 'chilingali'
ERR14733608,302,16398432994,PRJEB21343,SAMEA117806292,ERX14135033,HiSeq X Ten,DN495194E:B9,PAIRED,RANDOM,GENOMIC,Rhamphochromis sp. 'chilingali',ILLUMINA,ERP023585,Rhamphochromis sp. 'chilingali'
ERR14733609,302,15241043664,PRJEB21343,SAMEA117806293,ERX14135034,HiSeq X Ten,DN495194E:C9,PAIRED,RANDOM,GENOMIC,Rhamphochromis sp. 'chilingali',ILLUMINA,ERP023585,Rhamphochromis sp. 'chilingali'
ERR14733610,302,16488843338,PRJEB21343,SAMEA117806294,ERX14135035,HiSeq X Ten,DN495194E:D9,PAIRED,RANDOM,GENOMIC,Rhamphochromis sp. 'chilingali',ILLUMINA,ERP023585,Rhamphochromis sp. 'chilingali'
ERR14733611,302,16210947468,PRJEB21343,SAMEA117806295,ERX14135036,HiSeq X Ten,DN495194E:E9,PAIRED,RANDOM,GENOMIC,Rhamphochromis sp. 'chilingali',ILLUMINA,ERP023585,Rhamphochromis sp. 'chilingali'
ERR14733612,302,16205682098,PRJEB21343,SAMEA117806296,ERX14135037,HiSeq X Ten,DN495194E:F9,PAIRED,RANDOM,GENOMIC,Rhamphochromis sp. 'chilingali',ILLUMINA,ERP023585,Rhamphochromis sp. 'chilingali'
ERR14733613,302,16741559958,PRJEB21343,SAMEA117806297,ERX14135038,HiSeq X Ten,DN495194E:G9,PAIRED,RANDOM,GENOMIC,Rhamphochromis sp. 'chilingali',ILLUMINA,ERP023585,Rhamphochromis sp. 'chilingali'
ERR14733614,302,15603127772,PRJEB21343,SAMEA117805426,ERX14135039,HiSeq X Ten,DN495194E:H9,PAIRED,RANDOM,GENOMIC,Pseudotropheus lucerna,ILLUMINA,ERP023585,Pseudotropheus lucerna
ERR14733615,302,16779413242,PRJEB21343,SAMEA117805427,ERX14135040,HiSeq X Ten,DN495194E:G10,PAIRED,RANDOM,GENOMIC,Maylandia zebra,ILLUMINA,ERP023585,Maylandia zebra
ERR14733616,302,18940260086,PRJEB21343,SAMEA117805428,ERX14135041,HiSeq X Ten,DN495194E:H10,PAIRED,RANDOM,GENOMIC,Tropheops sp. 'deep',ILLUMINA,ERP023585,Tropheops sp. 'deep'
ERR14733617,302,14936057488,PRJEB21343,SAMEA117805666,ERX14135042,HiSeq X Ten,DN495167B:A3,PAIRED,RANDOM,GENOMIC,Labeotropheus fuelleborni,ILLUMINA,ERP023585,Labeotropheus fuelleborni
ERR14733618,302,16218930838,PRJEB21343,SAMEA117805667,ERX14135043,HiSeq X Ten,DN495167B:B3,PAIRED,RANDOM,GENOMIC,Labeotropheus fuelleborni,ILLUMINA,ERP023585,Labeotropheus fuelleborni
ERR14733619,302,15593012282,PRJEB21343,SAMEA117805668,ERX14135044,HiSeq X Ten,DN495167B:C3,PAIRED,RANDOM,GENOMIC,Labeotropheus fuelleborni,ILLUMINA,ERP023585,Labeotropheus fuelleborni
ERR14733620,302,16405957022,PRJEB21343,SAMEA117805670,ERX14135045,HiSeq X Ten,DN495167B:D3,PAIRED,RANDOM,GENOMIC,Labeotropheus trewavasae,ILLUMINA,ERP023585,Labeotropheus trewavasae
ERR14733621,302,16944995614,PRJEB21343,SAMEA117805674,ERX14135046,HiSeq X Ten,DN495167B:E3,PAIRED,RANDOM,GENOMIC,Labeotropheus fuelleborni,ILLUMINA,ERP023585,Labeotropheus fuelleborni
ERR14733622,302,17180163618,PRJEB21343,SAMEA117805675,ERX14135047,HiSeq X Ten,DN495167B:F3,PAIRED,RANDOM,GENOMIC,Labeotropheus fuelleborni,ILLUMINA,ERP023585,Labeotropheus fuelleborni
ERR14733623,302,17905326320,PRJEB21343,SAMEA117805676,ERX14135048,HiSeq X Ten,DN495167B:G3,PAIRED,RANDOM,GENOMIC,Labeotropheus fuelleborni,ILLUMINA,ERP023585,Labeotropheus fuelleborni
ERR14733624,302,18424294596,PRJEB21343,SAMEA117805677,ERX14135049,HiSeq X Ten,DN495167B:H3,PAIRED,RANDOM,GENOMIC,Maylandia fainzilberi,ILLUMINA,ERP023585,Maylandia fainzilberi
ERR14733625,302,14600526730,PRJEB21343,SAMEA117805678,ERX14135050,HiSeq X Ten,DN495167B:A4,PAIRED,RANDOM,GENOMIC,Maylandia fainzilberi,ILLUMINA,ERP023585,Maylandia fainzilberi
ERR14733626,302,18036482504,PRJEB21343,SAMEA117805680,ERX14135051,HiSeq X Ten,DN495167B:B4,PAIRED,RANDOM,GENOMIC,Maylandia fainzilberi,ILLUMINA,ERP023585,Maylandia fainzilberi
ERR14733627,302,16325288292,PRJEB21343,SAMEA117805682,ERX14135052,HiSeq X Ten,DN495167B:C4,PAIRED,RANDOM,GENOMIC,Maylandia fainzilberi,ILLUMINA,ERP023585,Maylandia fainzilberi
ERR14733628,302,15465230344,PRJEB21343,SAMEA117805683,ERX14135053,HiSeq X Ten,DN495167B:D4,PAIRED,RANDOM,GENOMIC,Maylandia fainzilberi,ILLUMINA,ERP023585,Maylandia fainzilberi
ERR14733629,302,21394047232,PRJEB21343,SAMEA117805684,ERX14135054,HiSeq X Ten,DN495167B:E4,PAIRED,RANDOM,GENOMIC,Maylandia fainzilberi,ILLUMINA,ERP023585,Maylandia fainzilberi
ERR14733630,302,21118224894,PRJEB21343,SAMEA117805685,ERX14135055,HiSeq X Ten,DN495167B:F4,PAIRED,RANDOM,GENOMIC,Maylandia fainzilberi,ILLUMINA,ERP023585,Maylandia fainzilberi
ERR14733631,302,17719250530,PRJEB21343,SAMEA117805686,ERX14135056,HiSeq X Ten,DN495167B:G4,PAIRED,RANDOM,GENOMIC,Maylandia fainzilberi,ILLUMINA,ERP023585,Maylandia fainzilberi
ERR14733632,302,19929733792,PRJEB21343,SAMEA117805687,ERX14135057,HiSeq X Ten,DN495167B:H4,PAIRED,RANDOM,GENOMIC,Maylandia fainzilberi,ILLUMINA,ERP023585,Maylandia fainzilberi
ERR14733633,302,15519237910,PRJEB21343,SAMEA117805688,ERX14135058,HiSeq X Ten,DN495167B:A5,PAIRED,RANDOM,GENOMIC,Maylandia fainzilberi,ILLUMINA,ERP023585,Maylandia fainzilberi
ERR14733634,302,18670721462,PRJEB21343,SAMEA117805689,ERX14135059,HiSeq X Ten,DN495167B:B5,PAIRED,RANDOM,GENOMIC,Maylandia fainzilberi,ILLUMINA,ERP023585,Maylandia fainzilberi
ERR14733635,302,15878918702,PRJEB21343,SAMEA117805691,ERX14135060,HiSeq X Ten,DN495167B:C5,PAIRED,RANDOM,GENOMIC,Maylandia fainzilberi,ILLUMINA,ERP023585,Maylandia fainzilberi
ERR14733636,302,19831134114,PRJEB21343,SAMEA117805692,ERX14135061,HiSeq X Ten,DN495167B:D5,PAIRED,RANDOM,GENOMIC,Maylandia fainzilberi,ILLUMINA,ERP023585,Maylandia fainzilberi
ERR14733637,302,16114995122,PRJEB21343,SAMEA117805694,ERX14135062,HiSeq X Ten,DN495167B:E5,PAIRED,RANDOM,GENOMIC,Maylandia fainzilberi,ILLUMINA,ERP023585,Maylandia fainzilberi
ERR14733638,302,18025872942,PRJEB21343,SAMEA117805696,ERX14135063,HiSeq X Ten,DN495167B:F5,PAIRED,RANDOM,GENOMIC,Maylandia sp. 'pearly',ILLUMINA,ERP023585,Maylandia sp. 'pearly'
ERR14733639,302,19660047490,PRJEB21343,SAMEA117805697,ERX14135064,HiSeq X Ten,DN495167B:G5,PAIRED,RANDOM,GENOMIC,Maylandia sp. 'pearly',ILLUMINA,ERP023585,Maylandia sp. 'pearly'
ERR14733640,302,17104015526,PRJEB21343,SAMEA117805698,ERX14135065,HiSeq X Ten,DN495167B:H5,PAIRED,RANDOM,GENOMIC,Maylandia sp. 'pearly',ILLUMINA,ERP023585,Maylandia sp. 'pearly'
ERR14733641,302,17749678842,PRJEB21343,SAMEA117805708,ERX14135066,HiSeq X Ten,DN495167B:A7,PAIRED,RANDOM,GENOMIC,Otopharynx speciosus,ILLUMINA,ERP023585,Otopharynx speciosus
ERR14733642,302,16461664848,PRJEB21343,SAMEA117805709,ERX14135067,HiSeq X Ten,DN495167B:B7,PAIRED,RANDOM,GENOMIC,Otopharynx speciosus,ILLUMINA,ERP023585,Otopharynx speciosus
ERR14733643,302,14717041048,PRJEB21343,SAMEA117805711,ERX14135068,HiSeq X Ten,DN495167B:C7,PAIRED,RANDOM,GENOMIC,Otopharynx decorus,ILLUMINA,ERP023585,Otopharynx decorus
ERR14733644,302,18021126710,PRJEB21343,SAMEA117805712,ERX14135069,HiSeq X Ten,DN495167B:D7,PAIRED,RANDOM,GENOMIC,Sciaenochromis cf. benthicola,ILLUMINA,ERP023585,Sciaenochromis cf. benthicola
ERR14733645,302,17988208408,PRJEB21343,SAMEA117805713,ERX14135070,HiSeq X Ten,DN495167B:E7,PAIRED,RANDOM,GENOMIC,Otopharynx cf. decorus,ILLUMINA,ERP023585,Otopharynx cf. decorus
ERR14733646,302,19359580744,PRJEB21343,SAMEA117805714,ERX14135071,HiSeq X Ten,DN495167B:F7,PAIRED,RANDOM,GENOMIC,Tropheops sp. 'band',ILLUMINA,ERP023585,Tropheops sp. 'band'
ERR14733647,302,19156790764,PRJEB21343,SAMEA117805715,ERX14135072,HiSeq X Ten,DN495167B:G7,PAIRED,RANDOM,GENOMIC,Maylandia fainzilberi,ILLUMINA,ERP023585,Maylandia fainzilberi
ERR14733648,302,18724282974,PRJEB21343,SAMEA117805716,ERX14135073,HiSeq X Ten,DN495167B:H7,PAIRED,RANDOM,GENOMIC,Maylandia zebra,ILLUMINA,ERP023585,Maylandia callainos
ERR14733649,302,16240315156,PRJEB21343,SAMEA117805725,ERX14135074,HiSeq X Ten,DN495167B:A9,PAIRED,RANDOM,GENOMIC,Maylandia fainzilberi,ILLUMINA,ERP023585,Maylandia fainzilberi
ERR14733650,302,16729782562,PRJEB21343,SAMEA117805726,ERX14135075,HiSeq X Ten,DN495167B:B9,PAIRED,RANDOM,GENOMIC,Maylandia fainzilberi,ILLUMINA,ERP023585,Maylandia fainzilberi
ERR14733651,302,15861022484,PRJEB21343,SAMEA117805727,ERX14135076,HiSeq X Ten,DN495167B:C9,PAIRED,RANDOM,GENOMIC,Maylandia fainzilberi,ILLUMINA,ERP023585,Maylandia fainzilberi
ERR14733652,302,16258419754,PRJEB21343,SAMEA117805729,ERX14135077,HiSeq X Ten,DN495167B:D9,PAIRED,RANDOM,GENOMIC,Maylandia fainzilberi,ILLUMINA,ERP023585,Maylandia fainzilberi
ERR14733653,302,18018995194,PRJEB21343,SAMEA117805731,ERX14135078,HiSeq X Ten,DN495167B:E9,PAIRED,RANDOM,GENOMIC,Maylandia fainzilberi,ILLUMINA,ERP023585,Maylandia fainzilberi
ERR14733654,302,16091286612,PRJEB21343,SAMEA117805732,ERX14135079,HiSeq X Ten,DN495167B:F9,PAIRED,RANDOM,GENOMIC,Maylandia fainzilberi,ILLUMINA,ERP023585,Maylandia fainzilberi
ERR14733655,302,21513103484,PRJEB21343,SAMEA117805733,ERX14135080,HiSeq X Ten,DN495167B:G9,PAIRED,RANDOM,GENOMIC,Maylandia fainzilberi,ILLUMINA,ERP023585,Maylandia fainzilberi
ERR14733656,302,17442931100,PRJEB21343,SAMEA117805734,ERX14135081,HiSeq X Ten,DN495167B:H9,PAIRED,RANDOM,GENOMIC,Maylandia fainzilberi,ILLUMINA,ERP023585,Maylandia fainzilberi
ERR14733657,302,15707512864,PRJEB21343,SAMEA117805643,ERX14135082,HiSeq X Ten,DN495171U:A5,PAIRED,RANDOM,GENOMIC,Labeotropheus trewavasae,ILLUMINA,ERP023585,Labeotropheus trewavasae
ERR14733658,302,18067211004,PRJEB21343,SAMEA117805644,ERX14135083,HiSeq X Ten,DN495171U:B5,PAIRED,RANDOM,GENOMIC,Labeotropheus trewavasae,ILLUMINA,ERP023585,Labeotropheus trewavasae
ERR14733659,302,18139629396,PRJEB21343,SAMEA117805645,ERX14135084,HiSeq X Ten,DN495171U:C5,PAIRED,RANDOM,GENOMIC,Labeotropheus trewavasae,ILLUMINA,ERP023585,Labeotropheus trewavasae
ERR14733660,302,18471530114,PRJEB21343,SAMEA117805647,ERX14135085,HiSeq X Ten,DN495171U:D5,PAIRED,RANDOM,GENOMIC,Labeotropheus fuelleborni,ILLUMINA,ERP023585,Labeotropheus fuelleborni
ERR14733661,302,17795983294,PRJEB21343,SAMEA117805648,ERX14135086,HiSeq X Ten,DN495171U:E5,PAIRED,RANDOM,GENOMIC,Labeotropheus fuelleborni,ILLUMINA,ERP023585,Labeotropheus fuelleborni
ERR14733662,302,18419883584,PRJEB21343,SAMEA117805649,ERX14135087,HiSeq X Ten,DN495171U:F5,PAIRED,RANDOM,GENOMIC,Labeotropheus fuelleborni,ILLUMINA,ERP023585,Labeotropheus fuelleborni
ERR14733663,302,20079993892,PRJEB21343,SAMEA117805650,ERX14135088,HiSeq X Ten,DN495171U:G5,PAIRED,RANDOM,GENOMIC,Labeotropheus fuelleborni,ILLUMINA,ERP023585,Labeotropheus fuelleborni
ERR14733664,302,18520562834,PRJEB21343,SAMEA117805651,ERX14135089,HiSeq X Ten,DN495171U:H5,PAIRED,RANDOM,GENOMIC,Labeotropheus fuelleborni,ILLUMINA,ERP023585,Labeotropheus fuelleborni
ERR14733665,302,15232335494,PRJEB21343,SAMEA117806056,ERX14135090,HiSeq X Ten,DN495179F:A1,PAIRED,RANDOM,GENOMIC,Lethrinops lethrinus,ILLUMINA,ERP023585,Lethrinops lethrinus
ERR14733666,302,18336873448,PRJEB21343,SAMEA117806057,ERX14135091,HiSeq X Ten,DN495179F:B1,PAIRED,RANDOM,GENOMIC,Lethrinops lethrinus,ILLUMINA,ERP023585,Lethrinops lethrinus
ERR14733667,302,15922203758,PRJEB21343,SAMEA117806058,ERX14135092,HiSeq X Ten,DN495179F:C1,PAIRED,RANDOM,GENOMIC,Lethrinops lethrinus,ILLUMINA,ERP023585,Lethrinops lethrinus
ERR14733668,302,16384550658,PRJEB21343,SAMEA117806059,ERX14135093,HiSeq X Ten,DN495179F:D1,PAIRED,RANDOM,GENOMIC,Otopharynx tetraspilus,ILLUMINA,ERP023585,Otopharynx tetraspilus
ERR14733669,302,15176051754,PRJEB21343,SAMEA117806060,ERX14135094,HiSeq X Ten,DN495179F:E1,PAIRED,RANDOM,GENOMIC,Tropheops novemfasciatus,ILLUMINA,ERP023585,Tropheops novemfasciatus
ERR14733670,302,16167274644,PRJEB21343,SAMEA117806061,ERX14135095,HiSeq X Ten,DN495179F:F1,PAIRED,RANDOM,GENOMIC,Copadichromis mloto,ILLUMINA,ERP023585,Copadichromis mloto
ERR14733671,302,16405616366,PRJEB21343,SAMEA117806062,ERX14135096,HiSeq X Ten,DN495179F:G1,PAIRED,RANDOM,GENOMIC,Copadichromis mloto,ILLUMINA,ERP023585,Copadichromis mloto
ERR14733672,302,15939834518,PRJEB21343,SAMEA117806063,ERX14135097,HiSeq X Ten,DN495179F:H1,PAIRED,RANDOM,GENOMIC,Copadichromis mloto,ILLUMINA,ERP023585,Copadichromis mloto
ERR14733673,302,16860449204,PRJEB21343,SAMEA117806088,ERX14135098,HiSeq X Ten,DN495179F:A5,PAIRED,RANDOM,GENOMIC,Diplotaxodon limnothrissa,ILLUMINA,ERP023585,Diplotaxodon limnothrissa
ERR14733674,302,15969853620,PRJEB21343,SAMEA117806089,ERX14135099,HiSeq X Ten,DN495179F:B5,PAIRED,RANDOM,GENOMIC,Diplotaxodon limnothrissa,ILLUMINA,ERP023585,Diplotaxodon limnothrissa
ERR14733675,302,17036897234,PRJEB21343,SAMEA117806090,ERX14135100,HiSeq X Ten,DN495179F:C5,PAIRED,RANDOM,GENOMIC,Diplotaxodon limnothrissa,ILLUMINA,ERP023585,Diplotaxodon limnothrissa
ERR14733676,302,16367513026,PRJEB21343,SAMEA117806091,ERX14135101,HiSeq X Ten,DN495179F:D5,PAIRED,RANDOM,GENOMIC,Diplotaxodon limnothrissa,ILLUMINA,ERP023585,Diplotaxodon limnothrissa
ERR14733677,302,15311072934,PRJEB21343,SAMEA117806092,ERX14135102,HiSeq X Ten,DN495179F:E5,PAIRED,RANDOM,GENOMIC,Diplotaxodon limnothrissa,ILLUMINA,ERP023585,Diplotaxodon limnothrissa
ERR14733678,302,16902293418,PRJEB21343,SAMEA117806093,ERX14135103,HiSeq X Ten,DN495179F:F5,PAIRED,RANDOM,GENOMIC,Diplotaxodon limnothrissa,ILLUMINA,ERP023585,Diplotaxodon limnothrissa
ERR14733679,302,17184482218,PRJEB21343,SAMEA117806094,ERX14135104,HiSeq X Ten,DN495179F:G5,PAIRED,RANDOM,GENOMIC,Diplotaxodon limnothrissa,ILLUMINA,ERP023585,Diplotaxodon limnothrissa
ERR14733680,302,15966936602,PRJEB21343,SAMEA117806095,ERX14135105,HiSeq X Ten,DN495179F:H5,PAIRED,RANDOM,GENOMIC,Diplotaxodon limnothrissa,ILLUMINA,ERP023585,Diplotaxodon limnothrissa
ERR14733681,302,15141784720,PRJEB21343,SAMEA117806105,ERX14135106,HiSeq X Ten,DN495179F:A7,PAIRED,RANDOM,GENOMIC,Copadichromis mloto,ILLUMINA,ERP023585,Copadichromis mloto
ERR14733682,302,16619007754,PRJEB21343,SAMEA117806106,ERX14135107,HiSeq X Ten,DN495179F:C7,PAIRED,RANDOM,GENOMIC,Stigmatochromis melanchros,ILLUMINA,ERP023585,Stigmatochromis melanchros
ERR14733683,302,17021074246,PRJEB21343,SAMEA117806107,ERX14135108,HiSeq X Ten,DN495179F:D7,PAIRED,RANDOM,GENOMIC,Stigmatochromis melanchros,ILLUMINA,ERP023585,Stigmatochromis melanchros
ERR14733684,302,15398371772,PRJEB21343,SAMEA117806108,ERX14135109,HiSeq X Ten,DN495179F:E7,PAIRED,RANDOM,GENOMIC,Trematocranus placodon,ILLUMINA,ERP023585,Trematocranus placodon
ERR14733685,302,19314397316,PRJEB21343,SAMEA117806109,ERX14135110,HiSeq X Ten,DN495179F:F7,PAIRED,RANDOM,GENOMIC,Lethrinops sp. 'longipinnis white lappets',ILLUMINA,ERP023585,Lethrinops sp. 'longipinnis white lappets'
ERR14733686,302,19262297786,PRJEB21343,SAMEA117806110,ERX14135111,HiSeq X Ten,DN495179F:G7,PAIRED,RANDOM,GENOMIC,Fossorochromis rostratus,ILLUMINA,ERP023585,Fossorochromis rostratus
ERR14733687,302,16029902092,PRJEB21343,SAMEA117806111,ERX14135112,HiSeq X Ten,DN495179F:H7,PAIRED,RANDOM,GENOMIC,Copadichromis chrysonotus,ILLUMINA,ERP023585,Copadichromis chrysonotus
ERR14733688,302,15694458612,PRJEB21343,SAMEA117806259,ERX14135113,HiSeq X Ten,DN495194E:A5,PAIRED,RANDOM,GENOMIC,Astatotilapia calliptera,ILLUMINA,ERP023585,Astatotilapia calliptera
ERR14733689,302,16350877054,PRJEB21343,SAMEA117806260,ERX14135114,HiSeq X Ten,DN495194E:B5,PAIRED,RANDOM,GENOMIC,Astatotilapia calliptera,ILLUMINA,ERP023585,Astatotilapia calliptera
ERR14733690,302,15764341110,PRJEB21343,SAMEA117806261,ERX14135115,HiSeq X Ten,DN495194E:C5,PAIRED,RANDOM,GENOMIC,Astatotilapia calliptera,ILLUMINA,ERP023585,Astatotilapia calliptera
ERR14733691,302,15941330928,PRJEB21343,SAMEA117806262,ERX14135116,HiSeq X Ten,DN495194E:D5,PAIRED,RANDOM,GENOMIC,Astatotilapia calliptera,ILLUMINA,ERP023585,Astatotilapia calliptera
ERR14733692,302,16069384062,PRJEB21343,SAMEA117806263,ERX14135117,HiSeq X Ten,DN495194E:E5,PAIRED,RANDOM,GENOMIC,Astatotilapia calliptera,ILLUMINA,ERP023585,Astatotilapia calliptera
ERR14733693,302,17903717264,PRJEB21343,SAMEA117806264,ERX14135118,HiSeq X Ten,DN495194E:F5,PAIRED,RANDOM,GENOMIC,Astatotilapia calliptera,ILLUMINA,ERP023585,Astatotilapia calliptera
ERR14733694,302,17211346628,PRJEB21343,SAMEA117806265,ERX14135119,HiSeq X Ten,DN495194E:G5,PAIRED,RANDOM,GENOMIC,Astatotilapia calliptera,ILLUMINA,ERP023585,Astatotilapia calliptera
ERR14733695,302,15877287902,PRJEB21343,SAMEA117806266,ERX14135120,HiSeq X Ten,DN495194E:H5,PAIRED,RANDOM,GENOMIC,Astatotilapia calliptera,ILLUMINA,ERP023585,Astatotilapia calliptera
ERR14733696,302,14952647858,PRJEB21343,SAMEA117806267,ERX14135121,HiSeq X Ten,DN495194E:A6,PAIRED,RANDOM,GENOMIC,Astatotilapia calliptera,ILLUMINA,ERP023585,Astatotilapia calliptera
ERR14733697,302,14686168192,PRJEB21343,SAMEA117806268,ERX14135122,HiSeq X Ten,DN495194E:B6,PAIRED,RANDOM,GENOMIC,Astatotilapia calliptera,ILLUMINA,ERP023585,Astatotilapia calliptera
ERR14733698,302,15201293216,PRJEB21343,SAMEA117806269,ERX14135123,HiSeq X Ten,DN495194E:C6,PAIRED,RANDOM,GENOMIC,Astatotilapia calliptera,ILLUMINA,ERP023585,Astatotilapia calliptera
ERR14733699,302,16522444764,PRJEB21343,SAMEA117806270,ERX14135124,HiSeq X Ten,DN495194E:D6,PAIRED,RANDOM,GENOMIC,Astatotilapia calliptera,ILLUMINA,ERP023585,Astatotilapia calliptera
ERR14733700,302,17710375354,PRJEB21343,SAMEA117806271,ERX14135125,HiSeq X Ten,DN495194E:E6,PAIRED,RANDOM,GENOMIC,Astatotilapia calliptera,ILLUMINA,ERP023585,Astatotilapia calliptera
ERR14733701,302,17456433520,PRJEB21343,SAMEA117806272,ERX14135126,HiSeq X Ten,DN495194E:F6,PAIRED,RANDOM,GENOMIC,Astatotilapia calliptera,ILLUMINA,ERP023585,Astatotilapia calliptera
ERR14733702,302,17628548152,PRJEB21343,SAMEA117806273,ERX14135127,HiSeq X Ten,DN495194E:G6,PAIRED,RANDOM,GENOMIC,Astatotilapia calliptera,ILLUMINA,ERP023585,Astatotilapia calliptera
ERR14733703,302,17120064712,PRJEB21343,SAMEA117806274,ERX14135128,HiSeq X Ten,DN495194E:H6,PAIRED,RANDOM,GENOMIC,Astatotilapia calliptera,ILLUMINA,ERP023585,Astatotilapia calliptera
ERR14733704,302,15173411368,PRJEB21343,SAMEA117806275,ERX14135129,HiSeq X Ten,DN495194E:A7,PAIRED,RANDOM,GENOMIC,Astatotilapia sp. 'ruaha blue 2012',ILLUMINA,ERP023585,Astatotilapia sp. 'ruaha blue 2012'
ERR14733705,302,15720446920,PRJEB21343,SAMEA117806276,ERX14135130,HiSeq X Ten,DN495194E:B7,PAIRED,RANDOM,GENOMIC,Astatotilapia sp. 'ruaha blue 2012',ILLUMINA,ERP023585,Astatotilapia sp. 'ruaha blue 2012'
ERR14733706,302,13029562594,PRJEB21343,SAMEA117806277,ERX14135131,HiSeq X Ten,DN495194E:C7,PAIRED,RANDOM,GENOMIC,Astatotilapia sp. 'ruaha blue 2012',ILLUMINA,ERP023585,Astatotilapia sp. 'ruaha blue 2012'
ERR14733707,302,16135392806,PRJEB21343,SAMEA117806278,ERX14135132,HiSeq X Ten,DN495194E:D7,PAIRED,RANDOM,GENOMIC,Astatotilapia sp. 'ruaha blue 2012',ILLUMINA,ERP023585,Astatotilapia sp. 'ruaha blue 2012'
ERR14733708,302,16808637782,PRJEB21343,SAMEA117806279,ERX14135133,HiSeq X Ten,DN495194E:E7,PAIRED,RANDOM,GENOMIC,Astatotilapia sp. 'ruaha blue 2012',ILLUMINA,ERP023585,Astatotilapia sp. 'ruaha blue 2012'
ERR14733709,302,19737731554,PRJEB21343,SAMEA117806280,ERX14135134,HiSeq X Ten,DN495194E:F7,PAIRED,RANDOM,GENOMIC,Astatotilapia sp. 'ruaha blue 2012',ILLUMINA,ERP023585,Astatotilapia sp. 'ruaha blue 2012'
ERR14733710,302,15669794876,PRJEB21343,SAMEA117806281,ERX14135135,HiSeq X Ten,DN495194E:G7,PAIRED,RANDOM,GENOMIC,Astatotilapia sp. 'ruaha blue 2012',ILLUMINA,ERP023585,Astatotilapia sp. 'ruaha blue 2012'
ERR14733711,302,15387259078,PRJEB21343,SAMEA117806282,ERX14135136,HiSeq X Ten,DN495194E:H7,PAIRED,RANDOM,GENOMIC,Astatotilapia sp. 'ruaha blue 2012',ILLUMINA,ERP023585,Astatotilapia sp. 'ruaha blue 2012'
ERR14733712,302,18344178224,PRJEB21343,SAMEA117806283,ERX14135137,HiSeq X Ten,DN495194E:A8,PAIRED,RANDOM,GENOMIC,Astatotilapia sp. 'ruaha blue 2012',ILLUMINA,ERP023585,Astatotilapia sp. 'ruaha blue 2012'
ERR14733713,302,16473603512,PRJEB21343,SAMEA117806284,ERX14135138,HiSeq X Ten,DN495194E:B8,PAIRED,RANDOM,GENOMIC,Astatotilapia sp. 'ruaha blue 2012',ILLUMINA,ERP023585,Astatotilapia sp. 'ruaha blue 2012'
ERR14733714,302,16169499478,PRJEB21343,SAMEA117806285,ERX14135139,HiSeq X Ten,DN495194E:C8,PAIRED,RANDOM,GENOMIC,Astatotilapia sp. 'ruaha blue 2012',ILLUMINA,ERP023585,Astatotilapia sp. 'ruaha blue 2012'
ERR14733715,302,12816525452,PRJEB21343,SAMEA117806286,ERX14135140,HiSeq X Ten,DN495194E:D8,PAIRED,RANDOM,GENOMIC,Astatotilapia sp. 'ruaha blue 2012',ILLUMINA,ERP023585,Astatotilapia sp. 'ruaha blue 2012'
ERR14733716,302,17662875284,PRJEB21343,SAMEA117806287,ERX14135141,HiSeq X Ten,DN495194E:E8,PAIRED,RANDOM,GENOMIC,Astatotilapia sp. 'ruaha blue 2012',ILLUMINA,ERP023585,Astatotilapia sp. 'ruaha blue 2012'
ERR14733717,302,16093917334,PRJEB21343,SAMEA117806288,ERX14135142,HiSeq X Ten,DN495194E:F8,PAIRED,RANDOM,GENOMIC,Astatotilapia sp. 'ruaha blue 2012',ILLUMINA,ERP023585,Astatotilapia sp. 'ruaha blue 2012'
ERR14733718,302,16014650790,PRJEB21343,SAMEA117806289,ERX14135143,HiSeq X Ten,DN495194E:G8,PAIRED,RANDOM,GENOMIC,Rhamphochromis sp. 'chilingali',ILLUMINA,ERP023585,Rhamphochromis sp. 'chilingali'
ERR14733719,302,16225499036,PRJEB21343,SAMEA117806290,ERX14135144,HiSeq X Ten,DN495194E:H8,PAIRED,RANDOM,GENOMIC,Rhamphochromis sp. 'chilingali',ILLUMINA,ERP023585,Rhamphochromis sp. 'chilingali'
ERR14733720,302,15528205196,PRJEB21343,SAMEA117805435,ERX14135145,HiSeq X Ten,DN495194E:A12,PAIRED,RANDOM,GENOMIC,Copadichromis jacksoni,ILLUMINA,ERP023585,Copadichromis jacksoni
ERR14733721,302,17705450942,PRJEB21343,SAMEA117805436,ERX14135146,HiSeq X Ten,DN495194E:C12,PAIRED,RANDOM,GENOMIC,Rhamphochromis woodi,ILLUMINA,ERP023585,Rhamphochromis woodi
ERR14733722,302,14591422336,PRJEB21343,SAMEA117805437,ERX14135147,HiSeq X Ten,DN495194E:E12,PAIRED,RANDOM,GENOMIC,Tropheops sp. 'mauve',ILLUMINA,ERP023585,Tropheops sp. 'mauve'
ERR14733723,302,16379121906,PRJEB21343,SAMEA117805438,ERX14135148,HiSeq X Ten,DN495194E:F12,PAIRED,RANDOM,GENOMIC,Cynotilapia aurifrons,ILLUMINA,ERP023585,Cynotilapia aurifrons
ERR14733724,302,17912975074,PRJEB21343,SAMEA117805439,ERX14135149,HiSeq X Ten,DN495194E:G12,PAIRED,RANDOM,GENOMIC,Chindongo sp. 'elongatus ruarwe',ILLUMINA,ERP023585,Chindongo sp. 'elongatus ruarwe'
ERR14733725,302,18023511604,PRJEB21343,SAMEA117805440,ERX14135150,HiSeq X Ten,DN495194E:H12,PAIRED,RANDOM,GENOMIC,Chindongo minutus,ILLUMINA,ERP023585,Chindongo minutus
ERR14733726,302,14608311384,PRJEB21343,SAMEA117805443,ERX14135151,HiSeq X Ten,DN495191B:A1,PAIRED,RANDOM,GENOMIC,Tropheops sp. 'band',ILLUMINA,ERP023585,Tropheops sp. 'band'
ERR14733727,302,15592016890,PRJEB21343,SAMEA117805444,ERX14135152,HiSeq X Ten,DN495191B:B1,PAIRED,RANDOM,GENOMIC,Tropheops sp. 'olive',ILLUMINA,ERP023585,Tropheops sp. 'olive'
ERR14733728,302,16866384410,PRJEB21343,SAMEA117805445,ERX14135153,HiSeq X Ten,DN495191B:C1,PAIRED,RANDOM,GENOMIC,Tropheops sp. 'chilumba 2023',ILLUMINA,ERP023585,Tropheops sp. 'chilumba 2023'
ERR14733729,302,16010024754,PRJEB21343,SAMEA117805446,ERX14135154,HiSeq X Ten,DN495191B:D1,PAIRED,RANDOM,GENOMIC,Labeotropheus fuelleborni,ILLUMINA,ERP023585,Labeotropheus fuelleborni
ERR14733730,302,16016480004,PRJEB21343,SAMEA117805447,ERX14135155,HiSeq X Ten,DN495191B:E1,PAIRED,RANDOM,GENOMIC,Maylandia sp. 'pearly',ILLUMINA,ERP023585,Maylandia sp. 'pearly'
ERR14733731,302,20458949230,PRJEB21343,SAMEA117805448,ERX14135156,HiSeq X Ten,DN495191B:G1,PAIRED,RANDOM,GENOMIC,Diplotaxodon longimaxilla,ILLUMINA,ERP023585,Diplotaxodon longimaxilla
ERR14733732,302,17016781014,PRJEB21343,SAMEA117805449,ERX14135157,HiSeq X Ten,DN495191B:H1,PAIRED,RANDOM,GENOMIC,Diplotaxodon sp. 'big eye black dorsal 2016',ILLUMINA,ERP023585,Diplotaxodon sp. 'big eye black dorsal 2016'
ERR14733733,302,15793650814,PRJEB21343,SAMEA117805450,ERX14135158,HiSeq X Ten,DN495191B:B2,PAIRED,RANDOM,GENOMIC,Maylandia ngarae,ILLUMINA,ERP023585,Maylandia ngarae
ERR14733734,302,14674255500,PRJEB21343,SAMEA117805451,ERX14135159,HiSeq X Ten,DN495191B:C2,PAIRED,RANDOM,GENOMIC,Diplotaxodon sp. 'big eye black dorsal 2016',ILLUMINA,ERP023585,Diplotaxodon sp. 'big eye black dorsal 2016'
ERR14733735,302,15404522304,PRJEB21343,SAMEA117805452,ERX14135160,HiSeq X Ten,DN495191B:D2,PAIRED,RANDOM,GENOMIC,Pseudotropheus crabro,ILLUMINA,ERP023585,Pseudotropheus crabro
ERR14733736,302,15293517674,PRJEB21343,SAMEA117805453,ERX14135161,HiSeq X Ten,DN495191B:E2,PAIRED,RANDOM,GENOMIC,Rhamphochromis esox,ILLUMINA,ERP023585,Rhamphochromis esox
ERR14733737,302,15511335778,PRJEB21343,SAMEA117805779,ERX14135162,HiSeq X Ten,DN495170T:A3,PAIRED,RANDOM,GENOMIC,Protomelas sp. 'chilumba 2016',ILLUMINA,ERP023585,Protomelas sp. 'chilumba 2016'
ERR14733738,302,14195225214,PRJEB21343,SAMEA117805780,ERX14135163,HiSeq X Ten,DN495170T:B3,PAIRED,RANDOM,GENOMIC,Maylandia ngarae,ILLUMINA,ERP023585,Maylandia ngarae
ERR14733739,302,15568446394,PRJEB21343,SAMEA117805781,ERX14135164,HiSeq X Ten,DN495170T:C3,PAIRED,RANDOM,GENOMIC,Maylandia ngarae,ILLUMINA,ERP023585,Maylandia ngarae
ERR14733740,302,15298139180,PRJEB21343,SAMEA117805782,ERX14135165,HiSeq X Ten,DN495170T:D3,PAIRED,RANDOM,GENOMIC,Maylandia ngarae,ILLUMINA,ERP023585,Maylandia ngarae
ERR14733741,302,16277309250,PRJEB21343,SAMEA117805783,ERX14135166,HiSeq X Ten,DN495170T:E3,PAIRED,RANDOM,GENOMIC,Maylandia ngarae,ILLUMINA,ERP023585,Maylandia ngarae
ERR14733742,302,15788000092,PRJEB21343,SAMEA117805784,ERX14135167,HiSeq X Ten,DN495170T:F3,PAIRED,RANDOM,GENOMIC,Taeniolethrinops sp. 'praeorbitalis northern Chilumba 2016',ILLUMINA,ERP023585,Taeniolethrinops sp. 'praeorbitalis northern Chilumba 2016'
ERR14733743,302,18165225708,PRJEB21343,SAMEA117805785,ERX14135168,HiSeq X Ten,DN495170T:G3,PAIRED,RANDOM,GENOMIC,Otopharynx decorus,ILLUMINA,ERP023585,Otopharynx decorus
ERR14733744,302,19537504346,PRJEB21343,SAMEA117805786,ERX14135169,HiSeq X Ten,DN495170T:H3,PAIRED,RANDOM,GENOMIC,Protomelas triaenodon,ILLUMINA,ERP023585,Protomelas triaenodon
ERR14733745,302,17158600214,PRJEB21343,SAMEA117806005,ERX14135170,HiSeq X Ten,DN495172V:A8,PAIRED,RANDOM,GENOMIC,Aulonocara sp. 'deep',ILLUMINA,ERP023585,Aulonocara sp. 'deep'
ERR14733746,302,15470567590,PRJEB21343,SAMEA117806006,ERX14135171,HiSeq X Ten,DN495172V:B8,PAIRED,RANDOM,GENOMIC,Aulonocara sp. 'minutus',ILLUMINA,ERP023585,Aulonocara sp. 'minutus'
ERR14733747,302,15953338750,PRJEB21343,SAMEA117806007,ERX14135172,HiSeq X Ten,DN495172V:C8,PAIRED,RANDOM,GENOMIC,Aulonocara sp. 'minutus',ILLUMINA,ERP023585,Aulonocara sp. 'minutus'
ERR14733748,302,16635754862,PRJEB21343,SAMEA117806008,ERX14135173,HiSeq X Ten,DN495172V:D8,PAIRED,RANDOM,GENOMIC,Aulonocara sp. 'minutus',ILLUMINA,ERP023585,Aulonocara sp. 'minutus'
ERR14733749,302,16579121406,PRJEB21343,SAMEA117806009,ERX14135174,HiSeq X Ten,DN495172V:E8,PAIRED,RANDOM,GENOMIC,Aulonocara sp. 'minutus',ILLUMINA,ERP023585,Aulonocara sp. 'minutus'
ERR14733750,302,19107092134,PRJEB21343,SAMEA117806010,ERX14135175,HiSeq X Ten,DN495172V:F8,PAIRED,RANDOM,GENOMIC,Aulonocara sp. 'minutus',ILLUMINA,ERP023585,Aulonocara sp. 'minutus'
ERR14733751,302,16993569596,PRJEB21343,SAMEA117806011,ERX14135176,HiSeq X Ten,DN495172V:G8,PAIRED,RANDOM,GENOMIC,Aulonocara sp. 'minutus',ILLUMINA,ERP023585,Aulonocara sp. 'minutus'
ERR14733752,302,14524298608,PRJEB21343,SAMEA117806012,ERX14135177,HiSeq X Ten,DN495172V:H8,PAIRED,RANDOM,GENOMIC,Aulonocara sp. 'minutus',ILLUMINA,ERP023585,Aulonocara sp. 'minutus'
ERR14733753,302,15954810698,PRJEB21343,SAMEA117805904,ERX14135178,HiSeq X Ten,DN495173W:A6,PAIRED,RANDOM,GENOMIC,Alticorpus peterdaviesi,ILLUMINA,ERP023585,Alticorpus peterdaviesi
ERR14733754,302,15329055222,PRJEB21343,SAMEA117805905,ERX14135179,HiSeq X Ten,DN495173W:B6,PAIRED,RANDOM,GENOMIC,Alticorpus peterdaviesi,ILLUMINA,ERP023585,Alticorpus peterdaviesi
ERR14733755,302,16081464666,PRJEB21343,SAMEA117805906,ERX14135180,HiSeq X Ten,DN495173W:C6,PAIRED,RANDOM,GENOMIC,Alticorpus geoffreyi,ILLUMINA,ERP023585,Alticorpus geoffreyi
ERR14733756,302,17043461808,PRJEB21343,SAMEA117805907,ERX14135181,HiSeq X Ten,DN495173W:D6,PAIRED,RANDOM,GENOMIC,Alticorpus geoffreyi,ILLUMINA,ERP023585,Alticorpus geoffreyi
ERR14733757,302,17365748658,PRJEB21343,SAMEA117805908,ERX14135182,HiSeq X Ten,DN495173W:E6,PAIRED,RANDOM,GENOMIC,Alticorpus geoffreyi,ILLUMINA,ERP023585,Alticorpus geoffreyi
ERR14733758,302,17768312846,PRJEB21343,SAMEA117805909,ERX14135183,HiSeq X Ten,DN495173W:F6,PAIRED,RANDOM,GENOMIC,Alticorpus peterdaviesi,ILLUMINA,ERP023585,Alticorpus peterdaviesi
ERR14733759,302,17501152170,PRJEB21343,SAMEA117805910,ERX14135184,HiSeq X Ten,DN495173W:G6,PAIRED,RANDOM,GENOMIC,Alticorpus peterdaviesi,ILLUMINA,ERP023585,Alticorpus peterdaviesi
ERR14733760,302,16505520382,PRJEB21343,SAMEA117805911,ERX14135185,HiSeq X Ten,DN495173W:H6,PAIRED,RANDOM,GENOMIC,Alticorpus geoffreyi,ILLUMINA,ERP023585,Alticorpus geoffreyi
ERR14733761,302,17273045530,PRJEB21343,SAMEA117805920,ERX14135186,HiSeq X Ten,DN495173W:A8,PAIRED,RANDOM,GENOMIC,Aulonocara sp. 'malembo orange 2016',ILLUMINA,ERP023585,Aulonocara sp. 'malembo orange 2016'
ERR14733762,302,16051295168,PRJEB21343,SAMEA117805921,ERX14135187,HiSeq X Ten,DN495173W:B8,PAIRED,RANDOM,GENOMIC,Aulonocara sp. 'malembo orange 2016',ILLUMINA,ERP023585,Aulonocara sp. 'malembo orange 2016'
ERR14733763,302,16438516850,PRJEB21343,SAMEA117805922,ERX14135188,HiSeq X Ten,DN495173W:C8,PAIRED,RANDOM,GENOMIC,Aulonocara sp. 'malembo orange 2016',ILLUMINA,ERP023585,Aulonocara sp. 'malembo orange 2016'
ERR14733764,302,16347122590,PRJEB21343,SAMEA117805923,ERX14135189,HiSeq X Ten,DN495173W:D8,PAIRED,RANDOM,GENOMIC,Otopharynx panniculus,ILLUMINA,ERP023585,Otopharynx panniculus
ERR14733765,302,16863011976,PRJEB21343,SAMEA117805924,ERX14135190,HiSeq X Ten,DN495173W:E8,PAIRED,RANDOM,GENOMIC,Placidochromis obscurus,ILLUMINA,ERP023585,Placidochromis obscurus
ERR14733766,302,17284885138,PRJEB21343,SAMEA117805925,ERX14135191,HiSeq X Ten,DN495173W:F8,PAIRED,RANDOM,GENOMIC,Aulonocara sp. 'malembo orange 2016',ILLUMINA,ERP023585,Aulonocara sp. 'malembo orange 2016'
ERR14733767,302,16850737488,PRJEB21343,SAMEA117805926,ERX14135192,HiSeq X Ten,DN495173W:G8,PAIRED,RANDOM,GENOMIC,Aulonocara sp. 'malembo orange 2016',ILLUMINA,ERP023585,Aulonocara sp. 'malembo orange 2016'
ERR14733768,302,15185171550,PRJEB21343,SAMEA117805927,ERX14135193,HiSeq X Ten,DN495173W:H8,PAIRED,RANDOM,GENOMIC,Aulonocara sp. 'malembo orange 2016',ILLUMINA,ERP023585,Aulonocara sp. 'malembo orange 2016'
ERR14733769,302,17678664750,PRJEB21343,SAMEA117806042,ERX14135194,HiSeq X Ten,DN495173W:B11,PAIRED,RANDOM,GENOMIC,Protomelas kirkii,ILLUMINA,ERP023585,Protomelas kirkii
ERR14733770,302,15556205730,PRJEB21343,SAMEA117806043,ERX14135195,HiSeq X Ten,DN495173W:C11,PAIRED,RANDOM,GENOMIC,Astatotilapia calliptera,ILLUMINA,ERP023585,Astatotilapia calliptera
ERR14733771,302,17006067866,PRJEB21343,SAMEA117806044,ERX14135196,HiSeq X Ten,DN495173W:D11,PAIRED,RANDOM,GENOMIC,Astatotilapia calliptera,ILLUMINA,ERP023585,Astatotilapia calliptera
ERR14733772,302,18002800142,PRJEB21343,SAMEA117806045,ERX14135197,HiSeq X Ten,DN495173W:E11,PAIRED,RANDOM,GENOMIC,Astatotilapia calliptera,ILLUMINA,ERP023585,Astatotilapia calliptera
ERR14733773,302,17246642878,PRJEB21343,SAMEA117806046,ERX14135198,HiSeq X Ten,DN495173W:F11,PAIRED,RANDOM,GENOMIC,Astatotilapia calliptera,ILLUMINA,ERP023585,Astatotilapia calliptera
ERR14733774,302,15797085460,PRJEB21343,SAMEA117806047,ERX14135199,HiSeq X Ten,DN495173W:G11,PAIRED,RANDOM,GENOMIC,Astatotilapia calliptera,ILLUMINA,ERP023585,Astatotilapia calliptera
ERR14733775,302,16319194536,PRJEB21343,SAMEA117806048,ERX14135200,HiSeq X Ten,DN495173W:H11,PAIRED,RANDOM,GENOMIC,Tramitichromis sp. 'red gular',ILLUMINA,ERP023585,Tramitichromis sp. 'red gular'
ERR14733776,302,13024443392,PRJEB21343,SAMEA117806064,ERX14135201,HiSeq X Ten,DN495179F:A2,PAIRED,RANDOM,GENOMIC,Copadichromis mloto,ILLUMINA,ERP023585,Copadichromis mloto
ERR14733777,302,16218496260,PRJEB21343,SAMEA117806065,ERX14135202,HiSeq X Ten,DN495179F:B2,PAIRED,RANDOM,GENOMIC,Copadichromis mloto,ILLUMINA,ERP023585,Copadichromis mloto
ERR14733778,302,15317348796,PRJEB21343,SAMEA117806066,ERX14135203,HiSeq X Ten,DN495179F:C2,PAIRED,RANDOM,GENOMIC,Copadichromis mloto,ILLUMINA,ERP023585,Copadichromis mloto
ERR14733779,302,16593711932,PRJEB21343,SAMEA117806067,ERX14135204,HiSeq X Ten,DN495179F:D2,PAIRED,RANDOM,GENOMIC,Copadichromis mloto,ILLUMINA,ERP023585,Copadichromis mloto
ERR14733780,302,19032646718,PRJEB21343,SAMEA117806068,ERX14135205,HiSeq X Ten,DN495179F:E2,PAIRED,RANDOM,GENOMIC,Otopharynx tetrastigma,ILLUMINA,ERP023585,Otopharynx tetrastigma
ERR14733781,302,15284894970,PRJEB21343,SAMEA117806069,ERX14135206,HiSeq X Ten,DN495179F:F2,PAIRED,RANDOM,GENOMIC,Tramitichromis intermedius,ILLUMINA,ERP023585,Tramitichromis intermedius
ERR14733782,302,17687997154,PRJEB21343,SAMEA117806070,ERX14135207,HiSeq X Ten,DN495179F:G2,PAIRED,RANDOM,GENOMIC,Maylandia lanisticola,ILLUMINA,ERP023585,Maylandia lanisticola
ERR14733783,302,16260778374,PRJEB21343,SAMEA117806071,ERX14135208,HiSeq X Ten,DN495179F:H2,PAIRED,RANDOM,GENOMIC,Copadichromis cyaneus,ILLUMINA,ERP023585,Copadichromis cyaneus
ERR14733784,302,15063245694,PRJEB21343,SAMEA117806072,ERX14135209,HiSeq X Ten,DN495179F:A3,PAIRED,RANDOM,GENOMIC,Stigmatochromis macrorhynchos,ILLUMINA,ERP023585,Stigmatochromis macrorhynchos
ERR14733785,302,20992461826,PRJEB21343,SAMEA117806073,ERX14135210,HiSeq X Ten,DN495179F:B3,PAIRED,RANDOM,GENOMIC,Placidochromis platyrhynchos,ILLUMINA,ERP023585,Placidochromis platyrhynchos
ERR14733786,302,13676852784,PRJEB21343,SAMEA117806074,ERX14135211,HiSeq X Ten,DN495179F:C3,PAIRED,RANDOM,GENOMIC,Placidochromis cf. nkhotakotae,ILLUMINA,ERP023585,Placidochromis cf. nkhotakotae
ERR14733787,302,16631093794,PRJEB21343,SAMEA117806075,ERX14135212,HiSeq X Ten,DN495179F:D3,PAIRED,RANDOM,GENOMIC,Astatotilapia calliptera,ILLUMINA,ERP023585,Astatotilapia calliptera
ERR14733788,302,16930514412,PRJEB21343,SAMEA117806076,ERX14135213,HiSeq X Ten,DN495179F:E3,PAIRED,RANDOM,GENOMIC,Astatotilapia calliptera,ILLUMINA,ERP023585,Astatotilapia calliptera
ERR14733789,302,16200349382,PRJEB21343,SAMEA117806077,ERX14135214,HiSeq X Ten,DN495179F:F3,PAIRED,RANDOM,GENOMIC,Astatotilapia calliptera,ILLUMINA,ERP023585,Astatotilapia calliptera
ERR14733790,302,15223162848,PRJEB21343,SAMEA117806078,ERX14135215,HiSeq X Ten,DN495179F:G3,PAIRED,RANDOM,GENOMIC,Copadichromis mloto,ILLUMINA,ERP023585,Copadichromis mloto
ERR14733791,302,15382104240,PRJEB21343,SAMEA117806079,ERX14135216,HiSeq X Ten,DN495179F:H3,PAIRED,RANDOM,GENOMIC,Copadichromis mloto,ILLUMINA,ERP023585,Copadichromis mloto
ERR14733792,302,12651418126,PRJEB21343,SAMEA117806080,ERX14135217,HiSeq X Ten,DN495179F:A4,PAIRED,RANDOM,GENOMIC,Diplotaxodon limnothrissa,ILLUMINA,ERP023585,Diplotaxodon limnothrissa
ERR14733793,302,15199959584,PRJEB21343,SAMEA117806081,ERX14135218,HiSeq X Ten,DN495179F:B4,PAIRED,RANDOM,GENOMIC,Diplotaxodon limnothrissa,ILLUMINA,ERP023585,Diplotaxodon limnothrissa
ERR14733794,302,15639818960,PRJEB21343,SAMEA117806082,ERX14135219,HiSeq X Ten,DN495179F:C4,PAIRED,RANDOM,GENOMIC,Diplotaxodon limnothrissa,ILLUMINA,ERP023585,Diplotaxodon limnothrissa
ERR14733795,302,16840908596,PRJEB21343,SAMEA117806083,ERX14135220,HiSeq X Ten,DN495179F:D4,PAIRED,RANDOM,GENOMIC,Diplotaxodon limnothrissa,ILLUMINA,ERP023585,Diplotaxodon limnothrissa
ERR14733796,302,16703438800,PRJEB21343,SAMEA117806084,ERX14135221,HiSeq X Ten,DN495179F:E4,PAIRED,RANDOM,GENOMIC,Diplotaxodon limnothrissa,ILLUMINA,ERP023585,Diplotaxodon limnothrissa
ERR14733797,302,17331107748,PRJEB21343,SAMEA117806085,ERX14135222,HiSeq X Ten,DN495179F:F4,PAIRED,RANDOM,GENOMIC,Diplotaxodon limnothrissa,ILLUMINA,ERP023585,Diplotaxodon limnothrissa
ERR14733798,302,15090307914,PRJEB21343,SAMEA117806086,ERX14135223,HiSeq X Ten,DN495179F:G4,PAIRED,RANDOM,GENOMIC,Diplotaxodon limnothrissa,ILLUMINA,ERP023585,Diplotaxodon limnothrissa
ERR14733799,302,16491156960,PRJEB21343,SAMEA117806087,ERX14135224,HiSeq X Ten,DN495179F:H4,PAIRED,RANDOM,GENOMIC,Diplotaxodon limnothrissa,ILLUMINA,ERP023585,Diplotaxodon limnothrissa
ERR14733800,302,14108264314,PRJEB21343,SAMEA117805699,ERX14135225,HiSeq X Ten,DN495167B:A6,PAIRED,RANDOM,GENOMIC,Maylandia sp. 'pearly',ILLUMINA,ERP023585,Maylandia sp. 'pearly'
ERR14733801,302,14847312372,PRJEB21343,SAMEA117805700,ERX14135226,HiSeq X Ten,DN495167B:B6,PAIRED,RANDOM,GENOMIC,Maylandia sp. 'pearly',ILLUMINA,ERP023585,Maylandia sp. 'pearly'
ERR14733802,302,15954315116,PRJEB21343,SAMEA117805701,ERX14135227,HiSeq X Ten,DN495167B:C6,PAIRED,RANDOM,GENOMIC,Maylandia sp. 'pearly',ILLUMINA,ERP023585,Maylandia sp. 'pearly'
ERR14733803,302,16423937498,PRJEB21343,SAMEA117805702,ERX14135228,HiSeq X Ten,DN495167B:D6,PAIRED,RANDOM,GENOMIC,Maylandia sp. 'pearly',ILLUMINA,ERP023585,Maylandia sp. 'pearly'
ERR14733804,302,18073952248,PRJEB21343,SAMEA117805703,ERX14135229,HiSeq X Ten,DN495167B:E6,PAIRED,RANDOM,GENOMIC,Maylandia sp. 'pearly',ILLUMINA,ERP023585,Maylandia sp. 'pearly'
ERR14733805,302,18441314108,PRJEB21343,SAMEA117805704,ERX14135230,HiSeq X Ten,DN495167B:F6,PAIRED,RANDOM,GENOMIC,Maylandia sp. 'pearly',ILLUMINA,ERP023585,Maylandia sp. 'pearly'
ERR14733806,302,18623062238,PRJEB21343,SAMEA117805705,ERX14135231,HiSeq X Ten,DN495167B:G6,PAIRED,RANDOM,GENOMIC,Maylandia sp. 'pearly',ILLUMINA,ERP023585,Maylandia sp. 'pearly'
ERR14733807,302,18885916696,PRJEB21343,SAMEA117805706,ERX14135232,HiSeq X Ten,DN495167B:H6,PAIRED,RANDOM,GENOMIC,Maylandia sp. 'pearly',ILLUMINA,ERP023585,Maylandia sp. 'pearly'
ERR14733808,302,13349177046,PRJEB21343,SAMEA117805966,ERX14135233,HiSeq X Ten,DN495172V:A4,PAIRED,RANDOM,GENOMIC,Melanochromis auratus,ILLUMINA,ERP023585,Melanochromis auratus
ERR14733809,302,21109646282,PRJEB21343,SAMEA117805967,ERX14135234,HiSeq X Ten,DN495172V:B4,PAIRED,RANDOM,GENOMIC,Melanochromis auratus,ILLUMINA,ERP023585,Melanochromis auratus
ERR14733810,302,14905977986,PRJEB21343,SAMEA117805968,ERX14135235,HiSeq X Ten,DN495172V:C4,PAIRED,RANDOM,GENOMIC,Melanochromis auratus,ILLUMINA,ERP023585,Melanochromis auratus
ERR14733811,302,14944470302,PRJEB21343,SAMEA117805969,ERX14135236,HiSeq X Ten,DN495172V:D4,PAIRED,RANDOM,GENOMIC,Melanochromis auratus,ILLUMINA,ERP023585,Melanochromis auratus
ERR14733812,302,17313344410,PRJEB21343,SAMEA117805970,ERX14135237,HiSeq X Ten,DN495172V:E4,PAIRED,RANDOM,GENOMIC,Melanochromis auratus,ILLUMINA,ERP023585,Melanochromis auratus
ERR14733813,302,15665320444,PRJEB21343,SAMEA117805971,ERX14135238,HiSeq X Ten,DN495172V:F4,PAIRED,RANDOM,GENOMIC,Melanochromis auratus,ILLUMINA,ERP023585,Melanochromis auratus
ERR14733814,302,17311170010,PRJEB21343,SAMEA117805972,ERX14135239,HiSeq X Ten,DN495172V:G4,PAIRED,RANDOM,GENOMIC,Alticorpus mentale,ILLUMINA,ERP023585,Alticorpus mentale
ERR14733815,302,14399871890,PRJEB21343,SAMEA117805974,ERX14135240,HiSeq X Ten,DN495172V:H4,PAIRED,RANDOM,GENOMIC,Sciaenochromis benthicola,ILLUMINA,ERP023585,Sciaenochromis benthicola
ERR14733816,302,13671364840,PRJEB21343,SAMEA117805988,ERX14135241,HiSeq X Ten,DN495172V:A6,PAIRED,RANDOM,GENOMIC,Placidochromis trewavasae,ILLUMINA,ERP023585,Placidochromis trewavasae
ERR14733817,302,16975312790,PRJEB21343,SAMEA117805989,ERX14135242,HiSeq X Ten,DN495172V:B6,PAIRED,RANDOM,GENOMIC,Stigmatochromis macrorhynchos,ILLUMINA,ERP023585,Stigmatochromis macrorhynchos
ERR14733818,302,16274660408,PRJEB21343,SAMEA117805990,ERX14135243,HiSeq X Ten,DN495172V:C6,PAIRED,RANDOM,GENOMIC,Aulonocara sp. 'copper',ILLUMINA,ERP023585,Aulonocara sp. 'copper'
ERR14733819,302,16792851638,PRJEB21343,SAMEA117805991,ERX14135244,HiSeq X Ten,DN495172V:D6,PAIRED,RANDOM,GENOMIC,Alticorpus peterdaviesi,ILLUMINA,ERP023585,Alticorpus peterdaviesi
ERR14733820,302,17921787434,PRJEB21343,SAMEA117805992,ERX14135245,HiSeq X Ten,DN495172V:E6,PAIRED,RANDOM,GENOMIC,Otopharynx brooksi,ILLUMINA,ERP023585,Otopharynx brooksi
ERR14733821,302,17372294206,PRJEB21343,SAMEA117805993,ERX14135246,HiSeq X Ten,DN495172V:F6,PAIRED,RANDOM,GENOMIC,Alticorpus peterdaviesi,ILLUMINA,ERP023585,Alticorpus peterdaviesi
ERR14733822,302,18302901166,PRJEB21343,SAMEA117805994,ERX14135247,HiSeq X Ten,DN495172V:G6,PAIRED,RANDOM,GENOMIC,Sciaenochromis sp. 'sand Monkey Bay 2016',ILLUMINA,ERP023585,Sciaenochromis sp. 'sand Monkey Bay 2016'
ERR14733823,302,17193717378,PRJEB21343,SAMEA117805995,ERX14135248,HiSeq X Ten,DN495172V:H6,PAIRED,RANDOM,GENOMIC,Sciaenochromis sp. 'sand Monkey Bay 2016',ILLUMINA,ERP023585,Sciaenochromis sp. 'sand Monkey Bay 2016'
ERR14733824,302,16229164108,PRJEB21343,SAMEA117805996,ERX14135249,HiSeq X Ten,DN495172V:A7,PAIRED,RANDOM,GENOMIC,Sciaenochromis benthicola,ILLUMINA,ERP023585,Sciaenochromis benthicola
ERR14733825,302,18546696404,PRJEB21343,SAMEA117805997,ERX14135250,HiSeq X Ten,DN495172V:B7,PAIRED,RANDOM,GENOMIC,Aulonocara sp. 'minutus',ILLUMINA,ERP023585,Aulonocara sp. 'minutus'
ERR14733826,302,16709466720,PRJEB21343,SAMEA117805999,ERX14135251,HiSeq X Ten,DN495172V:C7,PAIRED,RANDOM,GENOMIC,Placidochromis boops,ILLUMINA,ERP023585,Placidochromis boops
ERR14733827,302,17093865910,PRJEB21343,SAMEA117806000,ERX14135252,HiSeq X Ten,DN495172V:D7,PAIRED,RANDOM,GENOMIC,Aulonocara sp. 'copper',ILLUMINA,ERP023585,Aulonocara sp. 'copper'
ERR14733828,302,17843938478,PRJEB21343,SAMEA117806001,ERX14135253,HiSeq X Ten,DN495172V:E7,PAIRED,RANDOM,GENOMIC,Diplotaxodon limnothrissa,ILLUMINA,ERP023585,Diplotaxodon limnothrissa
ERR14733829,302,15515109570,PRJEB21343,SAMEA117806002,ERX14135254,HiSeq X Ten,DN495172V:F7,PAIRED,RANDOM,GENOMIC,Aulonocara sp. 'copper',ILLUMINA,ERP023585,Aulonocara sp. 'copper'
ERR14733830,302,18430927422,PRJEB21343,SAMEA117806003,ERX14135255,HiSeq X Ten,DN495172V:G7,PAIRED,RANDOM,GENOMIC,Placidochromis hennydaviesae,ILLUMINA,ERP023585,Placidochromis hennydaviesae
ERR14733831,302,17415509802,PRJEB21343,SAMEA117806004,ERX14135256,HiSeq X Ten,DN495172V:H7,PAIRED,RANDOM,GENOMIC,Sciaenochromis sp. 'sand Monkey Bay 2016',ILLUMINA,ERP023585,Sciaenochromis sp. 'sand Monkey Bay 2016'
ERR14733832,302,15617442270,PRJEB21343,SAMEA117806132,ERX14135257,HiSeq X Ten,DN495180V:B3,PAIRED,RANDOM,GENOMIC,Trematocranus placodon,ILLUMINA,ERP023585,Trematocranus placodon
ERR14733833,302,16331506170,PRJEB21343,SAMEA117806133,ERX14135258,HiSeq X Ten,DN495180V:C3,PAIRED,RANDOM,GENOMIC,Aulonocara stuartgranti,ILLUMINA,ERP023585,Aulonocara stuartgranti
ERR14733834,302,15750477498,PRJEB21343,SAMEA117806134,ERX14135259,HiSeq X Ten,DN495180V:D3,PAIRED,RANDOM,GENOMIC,Otopharynx argyrosoma,ILLUMINA,ERP023585,Otopharynx argyrosoma
ERR14733835,302,17091101100,PRJEB21343,SAMEA117806135,ERX14135260,HiSeq X Ten,DN495180V:E3,PAIRED,RANDOM,GENOMIC,Otopharynx argyrosoma,ILLUMINA,ERP023585,Otopharynx argyrosoma
ERR14733836,302,16157829594,PRJEB21343,SAMEA117806136,ERX14135261,HiSeq X Ten,DN495180V:F3,PAIRED,RANDOM,GENOMIC,Otopharynx argyrosoma,ILLUMINA,ERP023585,Otopharynx argyrosoma
ERR14733837,302,16273080948,PRJEB21343,SAMEA117806137,ERX14135262,HiSeq X Ten,DN495180V:G3,PAIRED,RANDOM,GENOMIC,Otopharynx argyrosoma,ILLUMINA,ERP023585,Otopharynx argyrosoma
ERR14733838,302,14290356120,PRJEB21343,SAMEA117805455,ERX14135263,HiSeq X Ten,DN495191B:A4,PAIRED,RANDOM,GENOMIC,Tropheops sp. 'yellow gular',ILLUMINA,ERP023585,Tropheops sp. 'yellow gular'
ERR14733839,302,16962882470,PRJEB21343,SAMEA117805456,ERX14135264,HiSeq X Ten,DN495191B:B4,PAIRED,RANDOM,GENOMIC,Tropheops sp. 'chiofu yellow 2016',ILLUMINA,ERP023585,Tropheops sp. 'chiofu yellow 2016'
ERR14733840,302,16690845702,PRJEB21343,SAMEA117805457,ERX14135265,HiSeq X Ten,DN495191B:C4,PAIRED,RANDOM,GENOMIC,Diplotaxodon sp. 'big eye black dorsal 2016',ILLUMINA,ERP023585,Diplotaxodon sp. 'big eye black dorsal 2016'
ERR14733841,302,17546024840,PRJEB21343,SAMEA117805459,ERX14135266,HiSeq X Ten,DN495191B:E4,PAIRED,RANDOM,GENOMIC,Cynotilapia afra,ILLUMINA,ERP023585,Cynotilapia afra
ERR14733842,302,16070116110,PRJEB21343,SAMEA117805460,ERX14135267,HiSeq X Ten,DN495191B:F4,PAIRED,RANDOM,GENOMIC,Rhamphochromis sp. 'long snout',ILLUMINA,ERP023585,Rhamphochromis sp. 'long snout'
ERR14733843,302,18710678478,PRJEB21343,SAMEA117805461,ERX14135268,HiSeq X Ten,DN495191B:G4,PAIRED,RANDOM,GENOMIC,Diplotaxodon macrops,ILLUMINA,ERP023585,Diplotaxodon macrops
ERR14733844,302,16261800040,PRJEB21343,SAMEA117805463,ERX14135269,HiSeq X Ten,DN495191B:H4,PAIRED,RANDOM,GENOMIC,Copadichromis mloto,ILLUMINA,ERP023585,Copadichromis mloto
ERR14733845,302,15840747412,PRJEB21343,SAMEA117805717,ERX14135270,HiSeq X Ten,DN495167B:A8,PAIRED,RANDOM,GENOMIC,Maylandia zebra,ILLUMINA,ERP023585,Maylandia callainos
ERR14733846,302,17813428022,PRJEB21343,SAMEA117805718,ERX14135271,HiSeq X Ten,DN495167B:B8,PAIRED,RANDOM,GENOMIC,Aulonocara sp. 'blue orange chilumba 2016',ILLUMINA,ERP023585,Aulonocara sp. 'blue orange chilumba 2016'
ERR14733847,302,16217594186,PRJEB21343,SAMEA117805719,ERX14135272,HiSeq X Ten,DN495167B:C8,PAIRED,RANDOM,GENOMIC,Aulonocara sp. 'blue orange chilumba 2016',ILLUMINA,ERP023585,Aulonocara sp. 'blue orange chilumba 2016'
ERR14733848,302,16646518444,PRJEB21343,SAMEA117805720,ERX14135273,HiSeq X Ten,DN495167B:D8,PAIRED,RANDOM,GENOMIC,Aulonocara sp. 'blue orange chilumba 2016',ILLUMINA,ERP023585,Aulonocara sp. 'blue orange chilumba 2016'
ERR14733849,302,17187535438,PRJEB21343,SAMEA117805721,ERX14135274,HiSeq X Ten,DN495167B:E8,PAIRED,RANDOM,GENOMIC,Aulonocara sp. 'blue orange chilumba 2016',ILLUMINA,ERP023585,Aulonocara sp. 'blue orange chilumba 2016'
ERR14733850,302,17876173354,PRJEB21343,SAMEA117805722,ERX14135275,HiSeq X Ten,DN495167B:F8,PAIRED,RANDOM,GENOMIC,Aulonocara ethelwynnae,ILLUMINA,ERP023585,Aulonocara ethelwynnae
ERR14733851,302,18688322324,PRJEB21343,SAMEA117805723,ERX14135276,HiSeq X Ten,DN495167B:G8,PAIRED,RANDOM,GENOMIC,Aulonocara ethelwynnae,ILLUMINA,ERP023585,Aulonocara ethelwynnae
ERR14733852,302,16324723854,PRJEB21343,SAMEA117805724,ERX14135277,HiSeq X Ten,DN495167B:H8,PAIRED,RANDOM,GENOMIC,Maylandia fainzilberi,ILLUMINA,ERP023585,Maylandia fainzilberi
ERR14733853,302,13453573312,PRJEB21343,SAMEA117805736,ERX14135278,HiSeq X Ten,DN495167B:A10,PAIRED,RANDOM,GENOMIC,Maylandia fainzilberi,ILLUMINA,ERP023585,Maylandia fainzilberi
ERR14733854,302,16423684724,PRJEB21343,SAMEA117805737,ERX14135279,HiSeq X Ten,DN495167B:B10,PAIRED,RANDOM,GENOMIC,Maylandia fainzilberi,ILLUMINA,ERP023585,Maylandia fainzilberi
ERR14733855,302,15230211830,PRJEB21343,SAMEA117805739,ERX14135280,HiSeq X Ten,DN495167B:C10,PAIRED,RANDOM,GENOMIC,Maylandia zebra,ILLUMINA,ERP023585,Maylandia callainos
ERR14733856,302,13510469810,PRJEB21343,SAMEA117805740,ERX14135281,HiSeq X Ten,DN495167B:D10,PAIRED,RANDOM,GENOMIC,Maylandia zebra,ILLUMINA,ERP023585,Maylandia callainos
ERR14733857,302,19270296558,PRJEB21343,SAMEA117805741,ERX14135282,HiSeq X Ten,DN495167B:E10,PAIRED,RANDOM,GENOMIC,Maylandia zebra,ILLUMINA,ERP023585,Maylandia callainos
ERR14733858,302,16175845102,PRJEB21343,SAMEA117805742,ERX14135283,HiSeq X Ten,DN495167B:F10,PAIRED,RANDOM,GENOMIC,Maylandia zebra,ILLUMINA,ERP023585,Maylandia callainos
ERR14733859,302,19304295114,PRJEB21343,SAMEA117805743,ERX14135284,HiSeq X Ten,DN495167B:G10,PAIRED,RANDOM,GENOMIC,Maylandia zebra,ILLUMINA,ERP023585,Maylandia callainos
ERR14733860,302,19785238570,PRJEB21343,SAMEA117805744,ERX14135285,HiSeq X Ten,DN495167B:H10,PAIRED,RANDOM,GENOMIC,Maylandia zebra,ILLUMINA,ERP023585,Maylandia callainos
ERR14733861,302,14451419968,PRJEB21343,SAMEA117805745,ERX14135286,HiSeq X Ten,DN495167B:A11,PAIRED,RANDOM,GENOMIC,Maylandia zebra,ILLUMINA,ERP023585,Maylandia callainos
ERR14733862,302,18296774492,PRJEB21343,SAMEA117805746,ERX14135287,HiSeq X Ten,DN495167B:B11,PAIRED,RANDOM,GENOMIC,Maylandia zebra,ILLUMINA,ERP023585,Maylandia callainos
ERR14733863,302,14295702426,PRJEB21343,SAMEA117805747,ERX14135288,HiSeq X Ten,DN495167B:C11,PAIRED,RANDOM,GENOMIC,Maylandia zebra,ILLUMINA,ERP023585,Maylandia callainos
ERR14733864,302,15687914876,PRJEB21343,SAMEA117805748,ERX14135289,HiSeq X Ten,DN495167B:D11,PAIRED,RANDOM,GENOMIC,Maylandia zebra,ILLUMINA,ERP023585,Maylandia callainos
ERR14733865,302,17022295232,PRJEB21343,SAMEA117805749,ERX14135290,HiSeq X Ten,DN495167B:E11,PAIRED,RANDOM,GENOMIC,Maylandia zebra,ILLUMINA,ERP023585,Maylandia callainos
ERR14733866,302,16581570928,PRJEB21343,SAMEA117805750,ERX14135291,HiSeq X Ten,DN495167B:F11,PAIRED,RANDOM,GENOMIC,Maylandia zebra,ILLUMINA,ERP023585,Maylandia callainos
ERR14733867,302,17875606198,PRJEB21343,SAMEA117805751,ERX14135292,HiSeq X Ten,DN495167B:G11,PAIRED,RANDOM,GENOMIC,Maylandia zebra,ILLUMINA,ERP023585,Maylandia callainos
ERR14733868,302,17108632502,PRJEB21343,SAMEA117805752,ERX14135293,HiSeq X Ten,DN495167B:H11,PAIRED,RANDOM,GENOMIC,Maylandia zebra,ILLUMINA,ERP023585,Maylandia callainos
ERR14733869,302,14811454402,PRJEB21343,SAMEA117805753,ERX14135294,HiSeq X Ten,DN495167B:A12,PAIRED,RANDOM,GENOMIC,Maylandia zebra,ILLUMINA,ERP023585,Maylandia callainos
ERR14733870,302,15463603772,PRJEB21343,SAMEA117805754,ERX14135295,HiSeq X Ten,DN495167B:B12,PAIRED,RANDOM,GENOMIC,Maylandia zebra,ILLUMINA,ERP023585,Maylandia callainos
ERR14733871,302,13788019286,PRJEB21343,SAMEA117805755,ERX14135296,HiSeq X Ten,DN495167B:C12,PAIRED,RANDOM,GENOMIC,Maylandia zebra,ILLUMINA,ERP023585,Maylandia callainos
ERR14733872,302,17273006572,PRJEB21343,SAMEA117805756,ERX14135297,HiSeq X Ten,DN495167B:D12,PAIRED,RANDOM,GENOMIC,Maylandia zebra,ILLUMINA,ERP023585,Maylandia callainos
ERR14733873,302,16829939654,PRJEB21343,SAMEA117805757,ERX14135298,HiSeq X Ten,DN495167B:E12,PAIRED,RANDOM,GENOMIC,Maylandia zebra,ILLUMINA,ERP023585,Maylandia callainos
ERR14733874,302,17668235180,PRJEB21343,SAMEA117805759,ERX14135299,HiSeq X Ten,DN495167B:F12,PAIRED,RANDOM,GENOMIC,Aulonocara sp. 'blue orange chilumba 2016',ILLUMINA,ERP023585,Aulonocara sp. 'blue orange chilumba 2016'
ERR14733875,302,18008651996,PRJEB21343,SAMEA117805760,ERX14135300,HiSeq X Ten,DN495167B:G12,PAIRED,RANDOM,GENOMIC,Aulonocara sp. 'blue orange chilumba 2016',ILLUMINA,ERP023585,Aulonocara sp. 'blue orange chilumba 2016'
ERR14733876,302,17882550084,PRJEB21343,SAMEA117805761,ERX14135301,HiSeq X Ten,DN495167B:H12,PAIRED,RANDOM,GENOMIC,Aulonocara sp. 'blue orange chilumba 2016',ILLUMINA,ERP023585,Aulonocara sp. 'blue orange chilumba 2016'
ERR14733877,302,18515682514,PRJEB21343,SAMEA117805763,ERX14135302,HiSeq X Ten,DN495170T:A1,PAIRED,RANDOM,GENOMIC,Aulonocara sp. 'blue orange chilumba 2016',ILLUMINA,ERP023585,Aulonocara sp. 'blue orange chilumba 2016'
ERR14733878,302,16693317874,PRJEB21343,SAMEA117805764,ERX14135303,HiSeq X Ten,DN495170T:B1,PAIRED,RANDOM,GENOMIC,Stigmatochromis modestus,ILLUMINA,ERP023585,Stigmatochromis modestus
ERR14733879,302,18756006866,PRJEB21343,SAMEA117805766,ERX14135304,HiSeq X Ten,DN495170T:C1,PAIRED,RANDOM,GENOMIC,Labeotropheus fuelleborni,ILLUMINA,ERP023585,Labeotropheus fuelleborni
ERR14733880,302,17184005662,PRJEB21343,SAMEA117805767,ERX14135305,HiSeq X Ten,DN495170T:D1,PAIRED,RANDOM,GENOMIC,Tropheops sp. 'olive',ILLUMINA,ERP023585,Tropheops sp. 'olive'
ERR14733881,302,18548491794,PRJEB21343,SAMEA117805768,ERX14135306,HiSeq X Ten,DN495170T:E1,PAIRED,RANDOM,GENOMIC,Tropheops sp. 'white dorsal Chilumba 2016',ILLUMINA,ERP023585,Tropheops sp. 'white dorsal Chilumba 2016'
ERR14733882,302,16237289418,PRJEB21343,SAMEA117805769,ERX14135307,HiSeq X Ten,DN495170T:F1,PAIRED,RANDOM,GENOMIC,Maylandia zebra,ILLUMINA,ERP023585,Maylandia callainos
ERR14733883,302,18147267580,PRJEB21343,SAMEA117805770,ERX14135308,HiSeq X Ten,DN495170T:G1,PAIRED,RANDOM,GENOMIC,Tropheops sp. 'white dorsal Chilumba 2016',ILLUMINA,ERP023585,Tropheops sp. 'white dorsal Chilumba 2016'
ERR14733884,302,14243404180,PRJEB21343,SAMEA117805771,ERX14135309,HiSeq X Ten,DN495170T:A2,PAIRED,RANDOM,GENOMIC,Tropheops sp. 'white dorsal Chilumba 2016',ILLUMINA,ERP023585,Tropheops sp. 'white dorsal Chilumba 2016'
ERR14733885,302,15734755982,PRJEB21343,SAMEA117805772,ERX14135310,HiSeq X Ten,DN495170T:B2,PAIRED,RANDOM,GENOMIC,Maylandia zebra,ILLUMINA,ERP023585,Maylandia callainos
ERR14733886,302,14777954146,PRJEB21343,SAMEA117805773,ERX14135311,HiSeq X Ten,DN495170T:C2,PAIRED,RANDOM,GENOMIC,Maylandia zebra,ILLUMINA,ERP023585,Maylandia callainos
ERR14733887,302,16921158452,PRJEB21343,SAMEA117805774,ERX14135312,HiSeq X Ten,DN495170T:D2,PAIRED,RANDOM,GENOMIC,Maylandia fainzilberi,ILLUMINA,ERP023585,Maylandia fainzilberi
ERR14733888,302,16902079602,PRJEB21343,SAMEA117805775,ERX14135313,HiSeq X Ten,DN495170T:E2,PAIRED,RANDOM,GENOMIC,Maylandia fainzilberi,ILLUMINA,ERP023585,Maylandia fainzilberi
ERR14733889,302,18079075074,PRJEB21343,SAMEA117805776,ERX14135314,HiSeq X Ten,DN495170T:F2,PAIRED,RANDOM,GENOMIC,Protomelas annectens,ILLUMINA,ERP023585,Protomelas annectens
ERR14733890,302,19875957860,PRJEB21343,SAMEA117805777,ERX14135315,HiSeq X Ten,DN495170T:G2,PAIRED,RANDOM,GENOMIC,Buccochromis lepturus,ILLUMINA,ERP023585,Buccochromis lepturus
ERR14733891,302,18433457880,PRJEB21343,SAMEA117805778,ERX14135316,HiSeq X Ten,DN495170T:H2,PAIRED,RANDOM,GENOMIC,Hemitaeniochromis urotaenia,ILLUMINA,ERP023585,Hemitaeniochromis urotaenia
ERR14733892,302,15052181018,PRJEB21343,SAMEA117805787,ERX14135317,HiSeq X Ten,DN495170T:A4,PAIRED,RANDOM,GENOMIC,Maylandia ngarae,ILLUMINA,ERP023585,Maylandia ngarae
ERR14733893,302,14359175578,PRJEB21343,SAMEA117805788,ERX14135318,HiSeq X Ten,DN495170T:B4,PAIRED,RANDOM,GENOMIC,Maylandia ngarae,ILLUMINA,ERP023585,Maylandia ngarae
ERR14733894,302,15530010250,PRJEB21343,SAMEA117805789,ERX14135319,HiSeq X Ten,DN495170T:C4,PAIRED,RANDOM,GENOMIC,Gephyrochromis sp. 'zebroides',ILLUMINA,ERP023585,Gephyrochromis sp. 'zebroides'
ERR14733895,302,15879471966,PRJEB21343,SAMEA117805790,ERX14135320,HiSeq X Ten,DN495170T:D4,PAIRED,RANDOM,GENOMIC,Melanochromis simulans,ILLUMINA,ERP023585,Melanochromis simulans
ERR14733896,302,16340486744,PRJEB21343,SAMEA117805792,ERX14135321,HiSeq X Ten,DN495170T:E4,PAIRED,RANDOM,GENOMIC,Melanochromis dialeptos,ILLUMINA,ERP023585,Melanochromis dialeptos
ERR14733897,302,14304284662,PRJEB21343,SAMEA117805795,ERX14135322,HiSeq X Ten,DN495170T:F4,PAIRED,RANDOM,GENOMIC,Nimbochromis livingstonii,ILLUMINA,ERP023585,Nimbochromis livingstonii
ERR14733898,302,14792622890,PRJEB21343,SAMEA117805797,ERX14135323,HiSeq X Ten,DN495170T:G4,PAIRED,RANDOM,GENOMIC,Fossorochromis rostratus,ILLUMINA,ERP023585,Fossorochromis rostratus
ERR14733899,302,13347092340,PRJEB21343,SAMEA117805800,ERX14135324,HiSeq X Ten,DN495170T:H4,PAIRED,RANDOM,GENOMIC,Trematocranus placodon,ILLUMINA,ERP023585,Trematocranus placodon
ERR14733900,302,13719760038,PRJEB21343,SAMEA117805801,ERX14135325,HiSeq X Ten,DN495170T:A5,PAIRED,RANDOM,GENOMIC,Fossorochromis rostratus,ILLUMINA,ERP023585,Fossorochromis rostratus
ERR14733901,302,15703434958,PRJEB21343,SAMEA117805802,ERX14135326,HiSeq X Ten,DN495170T:B5,PAIRED,RANDOM,GENOMIC,Fossorochromis rostratus,ILLUMINA,ERP023585,Fossorochromis rostratus
ERR14733902,302,14735788000,PRJEB21343,SAMEA117805803,ERX14135327,HiSeq X Ten,DN495170T:C5,PAIRED,RANDOM,GENOMIC,Mylochromis cf. guentheri,ILLUMINA,ERP023585,Mylochromis cf. guentheri
ERR14733903,302,15237342956,PRJEB21343,SAMEA117805804,ERX14135328,HiSeq X Ten,DN495170T:D5,PAIRED,RANDOM,GENOMIC,Tramitichromis sp. 'east-coast shallow',ILLUMINA,ERP023585,Tramitichromis sp. 'east-coast shallow'
ERR14733904,302,17622109512,PRJEB21343,SAMEA117805805,ERX14135329,HiSeq X Ten,DN495170T:E5,PAIRED,RANDOM,GENOMIC,Fossorochromis rostratus,ILLUMINA,ERP023585,Fossorochromis rostratus
ERR14733905,302,17937891282,PRJEB21343,SAMEA117805806,ERX14135330,HiSeq X Ten,DN495170T:F5,PAIRED,RANDOM,GENOMIC,Fossorochromis rostratus,ILLUMINA,ERP023585,Fossorochromis rostratus
ERR14733906,302,16481724896,PRJEB21343,SAMEA117805808,ERX14135331,HiSeq X Ten,DN495170T:G5,PAIRED,RANDOM,GENOMIC,Trematocranus placodon,ILLUMINA,ERP023585,Trematocranus placodon
ERR14733907,302,15628085656,PRJEB21343,SAMEA117805809,ERX14135332,HiSeq X Ten,DN495170T:H5,PAIRED,RANDOM,GENOMIC,Dimidiochromis kiwinge,ILLUMINA,ERP023585,Dimidiochromis kiwinge
ERR14733908,302,13650887428,PRJEB21343,SAMEA117805810,ERX14135333,HiSeq X Ten,DN495170T:A6,PAIRED,RANDOM,GENOMIC,Trematocranus placodon,ILLUMINA,ERP023585,Trematocranus placodon
ERR14733909,302,13062056284,PRJEB21343,SAMEA117805811,ERX14135334,HiSeq X Ten,DN495170T:B6,PAIRED,RANDOM,GENOMIC,Aulonocara saulosi,ILLUMINA,ERP023585,Aulonocara saulosi
ERR14733910,302,15100704868,PRJEB21343,SAMEA117805812,ERX14135335,HiSeq X Ten,DN495170T:C6,PAIRED,RANDOM,GENOMIC,Stigmatochromis modestus,ILLUMINA,ERP023585,Stigmatochromis modestus
ERR14733911,302,16703452390,PRJEB21343,SAMEA117805814,ERX14135336,HiSeq X Ten,DN495170T:D6,PAIRED,RANDOM,GENOMIC,Melanochromis johannii,ILLUMINA,ERP023585,Pseudotropheus johannii
ERR14733912,302,17136832054,PRJEB21343,SAMEA117805816,ERX14135337,HiSeq X Ten,DN495170T:E6,PAIRED,RANDOM,GENOMIC,Maylandia estherae,ILLUMINA,ERP023585,Maylandia estherae
ERR14733913,302,16690340456,PRJEB21343,SAMEA117805817,ERX14135338,HiSeq X Ten,DN495170T:F6,PAIRED,RANDOM,GENOMIC,Cheilochromis euchilus,ILLUMINA,ERP023585,Cheilochromis euchilus
ERR14733914,302,16638078148,PRJEB21343,SAMEA117805818,ERX14135339,HiSeq X Ten,DN495170T:G6,PAIRED,RANDOM,GENOMIC,Melanochromis baliodigma,ILLUMINA,ERP023585,Melanochromis baliodigma
ERR14733915,302,16464141852,PRJEB21343,SAMEA117805819,ERX14135340,HiSeq X Ten,DN495170T:H6,PAIRED,RANDOM,GENOMIC,Sciaenochromis fryeri,ILLUMINA,ERP023585,Sciaenochromis fryeri
ERR14733916,302,14869300388,PRJEB21343,SAMEA117805820,ERX14135341,HiSeq X Ten,DN495170T:A7,PAIRED,RANDOM,GENOMIC,Labidochromis vellicans,ILLUMINA,ERP023585,Labidochromis vellicans
ERR14733917,302,14225475044,PRJEB21343,SAMEA117805821,ERX14135342,HiSeq X Ten,DN495170T:B7,PAIRED,RANDOM,GENOMIC,Buccochromis heterotaenia,ILLUMINA,ERP023585,Buccochromis heterotaenia
ERR14733918,302,15649766538,PRJEB21343,SAMEA117805822,ERX14135343,HiSeq X Ten,DN495170T:C7,PAIRED,RANDOM,GENOMIC,Gephyrochromis sp. 'zebroides',ILLUMINA,ERP023585,Gephyrochromis sp. 'zebroides'
ERR14733919,302,15686956630,PRJEB21343,SAMEA117805823,ERX14135344,HiSeq X Ten,DN495170T:D7,PAIRED,RANDOM,GENOMIC,Aulonocara saulosi,ILLUMINA,ERP023585,Aulonocara saulosi
ERR14733920,302,17725386264,PRJEB21343,SAMEA117805825,ERX14135345,HiSeq X Ten,DN495170T:E7,PAIRED,RANDOM,GENOMIC,Tropheops sp. 'yellow gular',ILLUMINA,ERP023585,Tropheops sp. 'yellow gular'
ERR14733921,302,15904818524,PRJEB21343,SAMEA117805826,ERX14135346,HiSeq X Ten,DN495170T:F7,PAIRED,RANDOM,GENOMIC,Tropheops sp. 'yellow gular',ILLUMINA,ERP023585,Tropheops sp. 'yellow gular'
ERR14733922,302,16633217760,PRJEB21343,SAMEA117805827,ERX14135347,HiSeq X Ten,DN495170T:G7,PAIRED,RANDOM,GENOMIC,Tropheops sp. 'yellow gular',ILLUMINA,ERP023585,Tropheops sp. 'yellow gular'
ERR14733923,302,16579020538,PRJEB21343,SAMEA117805828,ERX14135348,HiSeq X Ten,DN495170T:H7,PAIRED,RANDOM,GENOMIC,Tropheops sp. 'yellow gular',ILLUMINA,ERP023585,Tropheops sp. 'yellow gular'
ERR14733924,302,15543612934,PRJEB21343,SAMEA117805830,ERX14135349,HiSeq X Ten,DN495170T:A8,PAIRED,RANDOM,GENOMIC,Tropheops sp. 'yellow gular',ILLUMINA,ERP023585,Tropheops sp. 'yellow gular'
ERR14733925,302,14774695264,PRJEB21343,SAMEA117805832,ERX14135350,HiSeq X Ten,DN495170T:B8,PAIRED,RANDOM,GENOMIC,Tropheops sp. 'yellow gular',ILLUMINA,ERP023585,Tropheops sp. 'yellow gular'
ERR14733926,302,16004596304,PRJEB21343,SAMEA117805834,ERX14135351,HiSeq X Ten,DN495170T:C8,PAIRED,RANDOM,GENOMIC,Tropheops sp. 'yellow gular',ILLUMINA,ERP023585,Tropheops sp. 'yellow gular'
ERR14733927,302,14494386716,PRJEB21343,SAMEA117805835,ERX14135352,HiSeq X Ten,DN495170T:D8,PAIRED,RANDOM,GENOMIC,Tropheops sp. yellow gular,ILLUMINA,ERP023585,Tropheops sp. yellow gular
ERR14733928,302,17244584144,PRJEB21343,SAMEA117805840,ERX14135353,HiSeq X Ten,DN495170T:E8,PAIRED,RANDOM,GENOMIC,Tropheops sp. 'chiofu yellow 2016',ILLUMINA,ERP023585,Tropheops sp. 'chiofu yellow 2016'
ERR14733929,302,17089569658,PRJEB21343,SAMEA117805841,ERX14135354,HiSeq X Ten,DN495170T:F8,PAIRED,RANDOM,GENOMIC,Tropheops sp. 'chiofu yellow 2016',ILLUMINA,ERP023585,Tropheops sp. 'chiofu yellow 2016'
ERR14733930,302,16988777158,PRJEB21343,SAMEA117805842,ERX14135355,HiSeq X Ten,DN495170T:G8,PAIRED,RANDOM,GENOMIC,Tropheops sp. 'chiofu yellow 2016',ILLUMINA,ERP023585,Tropheops sp. 'chiofu yellow 2016'
ERR14733931,302,15038492566,PRJEB21343,SAMEA117805843,ERX14135356,HiSeq X Ten,DN495170T:H8,PAIRED,RANDOM,GENOMIC,Tropheops sp. 'chiofu yellow 2016',ILLUMINA,ERP023585,Tropheops sp. 'chiofu yellow 2016'
ERR14733932,302,15324842624,PRJEB21343,SAMEA117805483,ERX14135357,HiSeq X Ten,DN495170T:A10,PAIRED,RANDOM,GENOMIC,Petrotilapia microgalana,ILLUMINA,ERP023585,Petrotilapia microgalana
ERR14733933,302,15506662630,PRJEB21343,SAMEA117805484,ERX14135358,HiSeq X Ten,DN495170T:B10,PAIRED,RANDOM,GENOMIC,Mylochromis epichorialis,ILLUMINA,ERP023585,Mylochromis epichoralis
ERR14733934,302,16122725114,PRJEB21343,SAMEA117805485,ERX14135359,HiSeq X Ten,DN495170T:C10,PAIRED,RANDOM,GENOMIC,Petrotilapia microgalana,ILLUMINA,ERP023585,Petrotilapia microgalana
ERR14733935,302,13809900998,PRJEB21343,SAMEA117805490,ERX14135360,HiSeq X Ten,DN495170T:D10,PAIRED,RANDOM,GENOMIC,Petrotilapia microgalana,ILLUMINA,ERP023585,Petrotilapia microgalana
ERR14733936,302,17051405314,PRJEB21343,SAMEA117805492,ERX14135361,HiSeq X Ten,DN495170T:E10,PAIRED,RANDOM,GENOMIC,Cyathochromis obliquidens,ILLUMINA,ERP023585,Cyathochromis obliquidens
ERR14733937,302,14870241722,PRJEB21343,SAMEA117805493,ERX14135362,HiSeq X Ten,DN495170T:F10,PAIRED,RANDOM,GENOMIC,Petrotilapia microgalana,ILLUMINA,ERP023585,Petrotilapia microgalana
ERR14733938,302,17262317584,PRJEB21343,SAMEA117805495,ERX14135363,HiSeq X Ten,DN495170T:G10,PAIRED,RANDOM,GENOMIC,Petrotilapia microgalana,ILLUMINA,ERP023585,Petrotilapia microgalana
ERR14733939,302,17436770300,PRJEB21343,SAMEA117805498,ERX14135364,HiSeq X Ten,DN495170T:H10,PAIRED,RANDOM,GENOMIC,Lethrinops cf. oculatus,ILLUMINA,ERP023585,Lethrinops cf. oculatus
ERR14733940,302,15664633998,PRJEB21343,SAMEA117805500,ERX14135365,HiSeq X Ten,DN495170T:A11,PAIRED,RANDOM,GENOMIC,Tropheops sp. 'olive',ILLUMINA,ERP023585,Tropheops sp. 'olive'
ERR14733941,302,16568623886,PRJEB21343,SAMEA117805504,ERX14135366,HiSeq X Ten,DN495170T:B11,PAIRED,RANDOM,GENOMIC,Petrotilapia microgalana,ILLUMINA,ERP023585,Petrotilapia microgalana
ERR14733942,302,14521237838,PRJEB21343,SAMEA117805506,ERX14135367,HiSeq X Ten,DN495170T:C11,PAIRED,RANDOM,GENOMIC,Tropheops tropheops gracilior,ILLUMINA,ERP023585,Tropheops gracilior
ERR14733943,302,15922573708,PRJEB21343,SAMEA117805508,ERX14135368,HiSeq X Ten,DN495170T:D11,PAIRED,RANDOM,GENOMIC,Dimidiochromis kiwinge,ILLUMINA,ERP023585,Dimidiochromis kiwinge
ERR14733944,302,16262261798,PRJEB21343,SAMEA117805509,ERX14135369,HiSeq X Ten,DN495170T:E11,PAIRED,RANDOM,GENOMIC,Protomelas kirkii,ILLUMINA,ERP023585,Protomelas kirkii
ERR14733945,302,16905883594,PRJEB21343,SAMEA117805514,ERX14135370,HiSeq X Ten,DN495170T:F11,PAIRED,RANDOM,GENOMIC,Copadichromis virginalis,ILLUMINA,ERP023585,Copadichromis virginalis
ERR14733946,302,16275046364,PRJEB21343,SAMEA117805520,ERX14135371,HiSeq X Ten,DN495170T:G11,PAIRED,RANDOM,GENOMIC,Copadichromis virginalis,ILLUMINA,ERP023585,Copadichromis virginalis
ERR14733947,302,15739212596,PRJEB21343,SAMEA117805528,ERX14135372,HiSeq X Ten,DN495170T:H11,PAIRED,RANDOM,GENOMIC,Petrotilapia microgalana,ILLUMINA,ERP023585,Petrotilapia microgalana
ERR14733948,302,14594766684,PRJEB21343,SAMEA117805551,ERX14135373,HiSeq X Ten,DN495171U:A1,PAIRED,RANDOM,GENOMIC,Placidochromis acutirostris,ILLUMINA,ERP023585,Placidochromis acutirostris
ERR14733949,302,14486647362,PRJEB21343,SAMEA117805552,ERX14135374,HiSeq X Ten,DN495171U:B1,PAIRED,RANDOM,GENOMIC,Placidochromis acutirostris,ILLUMINA,ERP023585,Placidochromis acutirostris
ERR14733950,302,15527498214,PRJEB21343,SAMEA117805553,ERX14135375,HiSeq X Ten,DN495171U:C1,PAIRED,RANDOM,GENOMIC,Placidochromis acutirostris,ILLUMINA,ERP023585,Placidochromis acutirostris
ERR14733951,302,16244893174,PRJEB21343,SAMEA117805554,ERX14135376,HiSeq X Ten,DN495171U:D1,PAIRED,RANDOM,GENOMIC,Petrotilapia sp. 'black flank',ILLUMINA,ERP023585,Petrotilapia sp. 'black flank'
ERR14733952,302,14915516656,PRJEB21343,SAMEA117805555,ERX14135377,HiSeq X Ten,DN495171U:E1,PAIRED,RANDOM,GENOMIC,Petrotilapia microgalana,ILLUMINA,ERP023585,Petrotilapia microgalana
ERR14733953,302,14415333686,PRJEB21343,SAMEA117805557,ERX14135378,HiSeq X Ten,DN495171U:F1,PAIRED,RANDOM,GENOMIC,Tropheops sp. orange head,ILLUMINA,ERP023585,Tropheops sp. orange head
ERR14733954,302,15811754506,PRJEB21343,SAMEA117805558,ERX14135379,HiSeq X Ten,DN495171U:G1,PAIRED,RANDOM,GENOMIC,Tropheops sp. orange head,ILLUMINA,ERP023585,Tropheops sp. orange head
ERR14733955,302,16050714422,PRJEB21343,SAMEA117805561,ERX14135380,HiSeq X Ten,DN495171U:H1,PAIRED,RANDOM,GENOMIC,Dentimargo cruzmoralai,ILLUMINA,ERP023585,Tropheops sp. 'chilumba 2023'
ERR14733956,302,11836762254,PRJEB21343,SAMEA117805562,ERX14135381,HiSeq X Ten,DN495171U:A2,PAIRED,RANDOM,GENOMIC,Dentimargo debruini,ILLUMINA,ERP023585,Tropheops sp. 'chilumba 2023'
ERR14733957,302,15277044178,PRJEB21343,SAMEA117805564,ERX14135382,HiSeq X Ten,DN495171U:B2,PAIRED,RANDOM,GENOMIC,Tropheops sp. orange head,ILLUMINA,ERP023585,Tropheops sp. orange head
ERR14733958,302,13407450664,PRJEB21343,SAMEA117805567,ERX14135383,HiSeq X Ten,DN495171U:C2,PAIRED,RANDOM,GENOMIC,Dentimargo dimidia,ILLUMINA,ERP023585,Tropheops sp. 'chilumba 2023'
ERR14733959,302,15621596884,PRJEB21343,SAMEA117805568,ERX14135384,HiSeq X Ten,DN495171U:D2,PAIRED,RANDOM,GENOMIC,Dentimargo dispoliata,ILLUMINA,ERP023585,Tropheops sp. 'chilumba 2023'
ERR14733960,302,16493625508,PRJEB21343,SAMEA117805569,ERX14135385,HiSeq X Ten,DN495171U:E2,PAIRED,RANDOM,GENOMIC,Dentimargo eburneola,ILLUMINA,ERP023585,Tropheops sp. 'chilumba 2023'
ERR14733961,302,15779413930,PRJEB21343,SAMEA117805576,ERX14135386,HiSeq X Ten,DN495171U:F2,PAIRED,RANDOM,GENOMIC,Labeotropheus trewavasae,ILLUMINA,ERP023585,Labeotropheus trewavasae
ERR14733962,302,17941894594,PRJEB21343,SAMEA117805577,ERX14135387,HiSeq X Ten,DN495171U:G2,PAIRED,RANDOM,GENOMIC,Labeotropheus trewavasae,ILLUMINA,ERP023585,Labeotropheus trewavasae
ERR14733963,302,16545285024,PRJEB21343,SAMEA117805579,ERX14135388,HiSeq X Ten,DN495171U:H2,PAIRED,RANDOM,GENOMIC,Labeotropheus trewavasae,ILLUMINA,ERP023585,Labeotropheus trewavasae
ERR14733964,302,15582802266,PRJEB21343,SAMEA117805580,ERX14135389,HiSeq X Ten,DN495171U:A3,PAIRED,RANDOM,GENOMIC,Labeotropheus trewavasae,ILLUMINA,ERP023585,Labeotropheus trewavasae
ERR14733965,302,15948709996,PRJEB21343,SAMEA117805586,ERX14135390,HiSeq X Ten,DN495171U:B3,PAIRED,RANDOM,GENOMIC,Maylandia emmiltos,ILLUMINA,ERP023585,Maylandia emmiltos
ERR14733966,302,16518878144,PRJEB21343,SAMEA117805587,ERX14135391,HiSeq X Ten,DN495171U:C3,PAIRED,RANDOM,GENOMIC,Maylandia emmiltos,ILLUMINA,ERP023585,Maylandia emmiltos
ERR14733967,302,15904931774,PRJEB21343,SAMEA117805608,ERX14135392,HiSeq X Ten,DN495171U:D3,PAIRED,RANDOM,GENOMIC,Maylandia fainzilberi,ILLUMINA,ERP023585,Maylandia fainzilberi
ERR14733968,302,14952737854,PRJEB21343,SAMEA117805609,ERX14135393,HiSeq X Ten,DN495171U:E3,PAIRED,RANDOM,GENOMIC,Maylandia fainzilberi,ILLUMINA,ERP023585,Maylandia fainzilberi
ERR14733969,302,15572814220,PRJEB21343,SAMEA117805610,ERX14135394,HiSeq X Ten,DN495171U:F3,PAIRED,RANDOM,GENOMIC,Maylandia fainzilberi,ILLUMINA,ERP023585,Maylandia fainzilberi
ERR14733970,302,14706446586,PRJEB21343,SAMEA117805611,ERX14135395,HiSeq X Ten,DN495171U:G3,PAIRED,RANDOM,GENOMIC,Maylandia fainzilberi,ILLUMINA,ERP023585,Maylandia fainzilberi
ERR14733971,302,15761838134,PRJEB21343,SAMEA117805612,ERX14135396,HiSeq X Ten,DN495171U:H3,PAIRED,RANDOM,GENOMIC,Maylandia fainzilberi,ILLUMINA,ERP023585,Maylandia fainzilberi
ERR14733972,302,13389843158,PRJEB21343,SAMEA117805613,ERX14135397,HiSeq X Ten,DN495171U:A4,PAIRED,RANDOM,GENOMIC,Maylandia fainzilberi,ILLUMINA,ERP023585,Maylandia fainzilberi
ERR14733973,302,15116110492,PRJEB21343,SAMEA117805614,ERX14135398,HiSeq X Ten,DN495171U:B4,PAIRED,RANDOM,GENOMIC,Maylandia fainzilberi,ILLUMINA,ERP023585,Maylandia fainzilberi
ERR14733974,302,16343897230,PRJEB21343,SAMEA117805616,ERX14135399,HiSeq X Ten,DN495171U:C4,PAIRED,RANDOM,GENOMIC,Maylandia fainzilberi,ILLUMINA,ERP023585,Maylandia fainzilberi
ERR14733975,302,17313633424,PRJEB21343,SAMEA117805617,ERX14135400,HiSeq X Ten,DN495171U:D4,PAIRED,RANDOM,GENOMIC,Maylandia fainzilberi,ILLUMINA,ERP023585,Maylandia fainzilberi
ERR14733976,302,16362779176,PRJEB21343,SAMEA117805619,ERX14135401,HiSeq X Ten,DN495171U:E4,PAIRED,RANDOM,GENOMIC,Maylandia fainzilberi,ILLUMINA,ERP023585,Maylandia fainzilberi
ERR14733977,302,16279582706,PRJEB21343,SAMEA117805640,ERX14135402,HiSeq X Ten,DN495171U:F4,PAIRED,RANDOM,GENOMIC,Stigmatochromis modestus,ILLUMINA,ERP023585,Stigmatochromis modestus
ERR14733978,302,15590914892,PRJEB21343,SAMEA117805641,ERX14135403,HiSeq X Ten,DN495171U:G4,PAIRED,RANDOM,GENOMIC,Labeotropheus fuelleborni,ILLUMINA,ERP023585,Labeotropheus fuelleborni
ERR14733979,302,14956583522,PRJEB21343,SAMEA117805642,ERX14135404,HiSeq X Ten,DN495171U:H4,PAIRED,RANDOM,GENOMIC,Labeotropheus trewavasae,ILLUMINA,ERP023585,Labeotropheus trewavasae
ERR14733980,302,13190386352,PRJEB21343,SAMEA117805652,ERX14135405,HiSeq X Ten,DN495171U:A6,PAIRED,RANDOM,GENOMIC,Labeotropheus fuelleborni,ILLUMINA,ERP023585,Labeotropheus fuelleborni
ERR14733981,302,14387985472,PRJEB21343,SAMEA117805653,ERX14135406,HiSeq X Ten,DN495171U:B6,PAIRED,RANDOM,GENOMIC,Labeotropheus trewavasae,ILLUMINA,ERP023585,Labeotropheus trewavasae
ERR14733982,302,14613009900,PRJEB21343,SAMEA117805654,ERX14135407,HiSeq X Ten,DN495171U:C6,PAIRED,RANDOM,GENOMIC,Labeotropheus trewavasae,ILLUMINA,ERP023585,Labeotropheus trewavasae
ERR14733983,302,15254989118,PRJEB21343,SAMEA117805655,ERX14135408,HiSeq X Ten,DN495171U:D6,PAIRED,RANDOM,GENOMIC,Labeotropheus trewavasae,ILLUMINA,ERP023585,Labeotropheus trewavasae
ERR14733984,302,16013758380,PRJEB21343,SAMEA117805656,ERX14135409,HiSeq X Ten,DN495171U:E6,PAIRED,RANDOM,GENOMIC,Labeotropheus trewavasae,ILLUMINA,ERP023585,Labeotropheus trewavasae
ERR14733985,302,15882740210,PRJEB21343,SAMEA117805657,ERX14135410,HiSeq X Ten,DN495171U:F6,PAIRED,RANDOM,GENOMIC,Labeotropheus trewavasae,ILLUMINA,ERP023585,Labeotropheus trewavasae
ERR14733986,302,16324052508,PRJEB21343,SAMEA117805658,ERX14135411,HiSeq X Ten,DN495171U:G6,PAIRED,RANDOM,GENOMIC,Labeotropheus trewavasae,ILLUMINA,ERP023585,Labeotropheus trewavasae
ERR14733987,302,14578432108,PRJEB21343,SAMEA117805659,ERX14135412,HiSeq X Ten,DN495171U:H6,PAIRED,RANDOM,GENOMIC,Labeotropheus fuelleborni,ILLUMINA,ERP023585,Labeotropheus fuelleborni
ERR14733988,302,15203266786,PRJEB21343,SAMEA117805660,ERX14135413,HiSeq X Ten,DN495171U:A7,PAIRED,RANDOM,GENOMIC,Labeotropheus fuelleborni,ILLUMINA,ERP023585,Labeotropheus fuelleborni
ERR14733989,302,15446749152,PRJEB21343,SAMEA117805661,ERX14135414,HiSeq X Ten,DN495171U:B7,PAIRED,RANDOM,GENOMIC,Labeotropheus trewavasae,ILLUMINA,ERP023585,Labeotropheus trewavasae
ERR14733990,302,15177805166,PRJEB21343,SAMEA117805669,ERX14135415,HiSeq X Ten,DN495171U:C7,PAIRED,RANDOM,GENOMIC,Labeotropheus trewavasae,ILLUMINA,ERP023585,Labeotropheus trewavasae
ERR14733991,302,15158399854,PRJEB21343,SAMEA117805671,ERX14135416,HiSeq X Ten,DN495171U:D7,PAIRED,RANDOM,GENOMIC,Labeotropheus fuelleborni,ILLUMINA,ERP023585,Labeotropheus fuelleborni
ERR14733992,302,16709020666,PRJEB21343,SAMEA117805672,ERX14135417,HiSeq X Ten,DN495171U:F7,PAIRED,RANDOM,GENOMIC,Labeotropheus fuelleborni,ILLUMINA,ERP023585,Labeotropheus fuelleborni
ERR14733993,302,17602596084,PRJEB21343,SAMEA117805673,ERX14135418,HiSeq X Ten,DN495171U:G7,PAIRED,RANDOM,GENOMIC,Labeotropheus fuelleborni,ILLUMINA,ERP023585,Labeotropheus fuelleborni
ERR14733994,302,16015408810,PRJEB21343,SAMEA117805679,ERX14135419,HiSeq X Ten,DN495171U:H7,PAIRED,RANDOM,GENOMIC,Maylandia fainzilberi,ILLUMINA,ERP023585,Maylandia fainzilberi
ERR14733995,302,15958274940,PRJEB21343,SAMEA117805681,ERX14135420,HiSeq X Ten,DN495171U:A8,PAIRED,RANDOM,GENOMIC,Maylandia fainzilberi,ILLUMINA,ERP023585,Maylandia fainzilberi
ERR14733996,302,15903637402,PRJEB21343,SAMEA117805690,ERX14135421,HiSeq X Ten,DN495171U:B8,PAIRED,RANDOM,GENOMIC,Maylandia fainzilberi,ILLUMINA,ERP023585,Maylandia fainzilberi
ERR14733997,302,16009124492,PRJEB21343,SAMEA117805693,ERX14135422,HiSeq X Ten,DN495171U:C8,PAIRED,RANDOM,GENOMIC,Maylandia fainzilberi,ILLUMINA,ERP023585,Maylandia fainzilberi
ERR14733998,302,15726906398,PRJEB21343,SAMEA117805695,ERX14135423,HiSeq X Ten,DN495171U:D8,PAIRED,RANDOM,GENOMIC,Labeotropheus fuelleborni,ILLUMINA,ERP023585,Labeotropheus fuelleborni
ERR14733999,302,16397928956,PRJEB21343,SAMEA117805707,ERX14135424,HiSeq X Ten,DN495171U:E8,PAIRED,RANDOM,GENOMIC,Maylandia sp. 'pearly',ILLUMINA,ERP023585,Maylandia sp. 'pearly'
ERR14734000,302,15556622188,PRJEB21343,SAMEA117805710,ERX14135425,HiSeq X Ten,DN495171U:F8,PAIRED,RANDOM,GENOMIC,Otopharynx decorus,ILLUMINA,ERP023585,Otopharynx decorus
ERR14734001,302,16188038654,PRJEB21343,SAMEA117805728,ERX14135426,HiSeq X Ten,DN495171U:G8,PAIRED,RANDOM,GENOMIC,Maylandia fainzilberi,ILLUMINA,ERP023585,Maylandia fainzilberi
ERR14734002,302,15473676680,PRJEB21343,SAMEA117805730,ERX14135427,HiSeq X Ten,DN495171U:H8,PAIRED,RANDOM,GENOMIC,Maylandia fainzilberi,ILLUMINA,ERP023585,Maylandia fainzilberi
ERR14734003,302,15269585382,PRJEB21343,SAMEA117805735,ERX14135428,HiSeq X Ten,DN495171U:A9,PAIRED,RANDOM,GENOMIC,Maylandia fainzilberi,ILLUMINA,ERP023585,Maylandia fainzilberi
ERR14734004,302,15153132672,PRJEB21343,SAMEA117805738,ERX14135429,HiSeq X Ten,DN495171U:B9,PAIRED,RANDOM,GENOMIC,Maylandia zebra,ILLUMINA,ERP023585,Maylandia callainos
ERR14734005,302,14926918666,PRJEB21343,SAMEA117805758,ERX14135430,HiSeq X Ten,DN495171U:C9,PAIRED,RANDOM,GENOMIC,Aulonocara sp. 'blue orange chilumba 2016',ILLUMINA,ERP023585,Aulonocara sp. 'blue orange chilumba 2016'
ERR14734006,302,16361455812,PRJEB21343,SAMEA117805762,ERX14135431,HiSeq X Ten,DN495171U:D9,PAIRED,RANDOM,GENOMIC,Aulonocara sp. 'blue orange chilumba 2016',ILLUMINA,ERP023585,Aulonocara sp. 'blue orange chilumba 2016'
ERR14734007,302,16513164908,PRJEB21343,SAMEA117805765,ERX14135432,HiSeq X Ten,DN495171U:E9,PAIRED,RANDOM,GENOMIC,Labeotropheus fuelleborni,ILLUMINA,ERP023585,Labeotropheus fuelleborni
ERR14734008,302,16406613570,PRJEB21343,SAMEA117805791,ERX14135433,HiSeq X Ten,DN495171U:F9,PAIRED,RANDOM,GENOMIC,Placidochromis johnstoni,ILLUMINA,ERP023585,Placidochromis johnstoni
ERR14734009,302,18274134458,PRJEB21343,SAMEA117805793,ERX14135434,HiSeq X Ten,DN495171U:G9,PAIRED,RANDOM,GENOMIC,Stigmatochromis pholidophorus,ILLUMINA,ERP023585,Stigmatochromis pholidophorus
ERR14734010,302,16511886542,PRJEB21343,SAMEA117805794,ERX14135435,HiSeq X Ten,DN495171U:H9,PAIRED,RANDOM,GENOMIC,Stigmatochromis pholidophorus,ILLUMINA,ERP023585,Stigmatochromis pholidophorus
ERR14734011,302,17602776982,PRJEB21343,SAMEA117805824,ERX14135436,HiSeq X Ten,DN495171U:A11,PAIRED,RANDOM,GENOMIC,Petrotilapia genalutea,ILLUMINA,ERP023585,Petrotilapia genalutea
ERR14734012,302,19523753984,PRJEB21343,SAMEA117805829,ERX14135437,HiSeq X Ten,DN495171U:B11,PAIRED,RANDOM,GENOMIC,Tropheops sp. 'yellow gular',ILLUMINA,ERP023585,Tropheops sp. 'yellow gular'
ERR14734013,302,16742674942,PRJEB21343,SAMEA117805831,ERX14135438,HiSeq X Ten,DN495171U:C11,PAIRED,RANDOM,GENOMIC,Tropheops sp. 'yellow gular',ILLUMINA,ERP023585,Tropheops sp. 'yellow gular'
ERR14734014,302,17744817246,PRJEB21343,SAMEA117805833,ERX14135439,HiSeq X Ten,DN495171U:D11,PAIRED,RANDOM,GENOMIC,Tropheops sp. 'yellow gular',ILLUMINA,ERP023585,Tropheops sp. 'yellow gular'
ERR14734015,302,18103515028,PRJEB21343,SAMEA117805836,ERX14135440,HiSeq X Ten,DN495171U:E11,PAIRED,RANDOM,GENOMIC,Tropheops sp. 'yellow gular',ILLUMINA,ERP023585,Tropheops sp. 'yellow gular'
ERR14734016,302,17588316618,PRJEB21343,SAMEA117805838,ERX14135441,HiSeq X Ten,DN495171U:F11,PAIRED,RANDOM,GENOMIC,Tropheops sp. 'yellow gular',ILLUMINA,ERP023585,Tropheops sp. 'yellow gular'
ERR14734017,302,18194979956,PRJEB21343,SAMEA117805839,ERX14135442,HiSeq X Ten,DN495171U:G11,PAIRED,RANDOM,GENOMIC,Tropheops sp. 'chiofu yellow 2016',ILLUMINA,ERP023585,Tropheops sp. 'chiofu yellow 2016'
ERR14734018,302,13767800084,PRJEB21343,SAMEA117805939,ERX14135443,HiSeq X Ten,DN495172V:A1,PAIRED,RANDOM,GENOMIC,Tropheops sp. 'chiofu yellow 2016',ILLUMINA,ERP023585,Tropheops sp. 'chiofu yellow 2016'
ERR14734019,302,15799666654,PRJEB21343,SAMEA117805940,ERX14135444,HiSeq X Ten,DN495172V:B1,PAIRED,RANDOM,GENOMIC,Tropheops sp. 'chiofu yellow 2016',ILLUMINA,ERP023585,Tropheops sp. 'chiofu yellow 2016'
ERR14734020,302,15647848234,PRJEB21343,SAMEA117805941,ERX14135445,HiSeq X Ten,DN495172V:C1,PAIRED,RANDOM,GENOMIC,Tropheops sp. 'yellow gular',ILLUMINA,ERP023585,Tropheops sp. 'yellow gular'
ERR14734021,302,15018617644,PRJEB21343,SAMEA117805942,ERX14135446,HiSeq X Ten,DN495172V:D1,PAIRED,RANDOM,GENOMIC,Tropheops sp. 'yellow gular',ILLUMINA,ERP023585,Tropheops sp. 'yellow gular'
ERR14734022,302,15304049320,PRJEB21343,SAMEA117805943,ERX14135447,HiSeq X Ten,DN495172V:E1,PAIRED,RANDOM,GENOMIC,Tropheops sp. 'yellow gular',ILLUMINA,ERP023585,Tropheops sp. 'yellow gular'
ERR14734023,302,14905780176,PRJEB21343,SAMEA117805944,ERX14135448,HiSeq X Ten,DN495172V:F1,PAIRED,RANDOM,GENOMIC,Tramitichromis sp. 'east-coast shallow',ILLUMINA,ERP023585,Tramitichromis sp. 'east-coast shallow'
ERR14734024,302,17567153364,PRJEB21343,SAMEA117805945,ERX14135449,HiSeq X Ten,DN495172V:G1,PAIRED,RANDOM,GENOMIC,Aulonocara saulosi,ILLUMINA,ERP023585,Aulonocara saulosi
ERR14734025,302,14731646372,PRJEB21343,SAMEA117805946,ERX14135450,HiSeq X Ten,DN495172V:H1,PAIRED,RANDOM,GENOMIC,Aulonocara saulosi,ILLUMINA,ERP023585,Aulonocara saulosi
ERR14734026,302,12447045968,PRJEB21343,SAMEA117805947,ERX14135451,HiSeq X Ten,DN495172V:A2,PAIRED,RANDOM,GENOMIC,Aulonocara saulosi,ILLUMINA,ERP023585,Aulonocara saulosi
ERR14734027,302,15865229344,PRJEB21343,SAMEA117805949,ERX14135452,HiSeq X Ten,DN495172V:B2,PAIRED,RANDOM,GENOMIC,Cheilochromis euchilus,ILLUMINA,ERP023585,Cheilochromis euchilus
ERR14734028,302,14227272850,PRJEB21343,SAMEA117805950,ERX14135453,HiSeq X Ten,DN495172V:C2,PAIRED,RANDOM,GENOMIC,Cheilochromis euchilus,ILLUMINA,ERP023585,Cheilochromis euchilus
ERR14734029,302,14153444420,PRJEB21343,SAMEA117805951,ERX14135454,HiSeq X Ten,DN495172V:D2,PAIRED,RANDOM,GENOMIC,Sciaenochromis sp. 'nyasse',ILLUMINA,ERP023585,Sciaenochromis sp. 'nyassae'
ERR14734030,302,16774505742,PRJEB21343,SAMEA117805953,ERX14135455,HiSeq X Ten,DN495172V:F2,PAIRED,RANDOM,GENOMIC,Mylochromis labidodon,ILLUMINA,ERP023585,Mylochromis labidodon
ERR14734031,302,17753804162,PRJEB21343,SAMEA117805954,ERX14135456,HiSeq X Ten,DN495172V:G2,PAIRED,RANDOM,GENOMIC,Melanochromis auratus,ILLUMINA,ERP023585,Melanochromis auratus
ERR14734032,302,15423041850,PRJEB21343,SAMEA117805956,ERX14135457,HiSeq X Ten,DN495172V:H2,PAIRED,RANDOM,GENOMIC,Melanochromis auratus,ILLUMINA,ERP023585,Melanochromis auratus
ERR14734033,302,14825693702,PRJEB21343,SAMEA117805957,ERX14135458,HiSeq X Ten,DN495172V:A3,PAIRED,RANDOM,GENOMIC,Melanochromis auratus,ILLUMINA,ERP023585,Melanochromis auratus
ERR14734034,302,17377531792,PRJEB21343,SAMEA117805958,ERX14135459,HiSeq X Ten,DN495172V:B3,PAIRED,RANDOM,GENOMIC,Melanochromis auratus,ILLUMINA,ERP023585,Melanochromis auratus
ERR14734035,302,15203765992,PRJEB21343,SAMEA117805959,ERX14135460,HiSeq X Ten,DN495172V:C3,PAIRED,RANDOM,GENOMIC,Melanochromis auratus,ILLUMINA,ERP023585,Melanochromis auratus
ERR14734036,302,14602496374,PRJEB21343,SAMEA117805960,ERX14135461,HiSeq X Ten,DN495172V:D3,PAIRED,RANDOM,GENOMIC,Melanochromis auratus,ILLUMINA,ERP023585,Melanochromis auratus
ERR14734037,302,14770983986,PRJEB21343,SAMEA117805961,ERX14135462,HiSeq X Ten,DN495172V:E3,PAIRED,RANDOM,GENOMIC,Melanochromis auratus,ILLUMINA,ERP023585,Melanochromis auratus
ERR14734038,302,15443982228,PRJEB21343,SAMEA117805962,ERX14135463,HiSeq X Ten,DN495172V:F3,PAIRED,RANDOM,GENOMIC,Melanochromis auratus,ILLUMINA,ERP023585,Melanochromis auratus
ERR14734039,302,14561815766,PRJEB21343,SAMEA117805963,ERX14135464,HiSeq X Ten,DN495172V:G3,PAIRED,RANDOM,GENOMIC,Melanochromis auratus,ILLUMINA,ERP023585,Melanochromis auratus
ERR14734040,302,16416769528,PRJEB21343,SAMEA117805965,ERX14135465,HiSeq X Ten,DN495172V:H3,PAIRED,RANDOM,GENOMIC,Melanochromis auratus,ILLUMINA,ERP023585,Melanochromis auratus
ERR14734041,302,14869765468,PRJEB21343,SAMEA117805976,ERX14135466,HiSeq X Ten,DN495172V:A5,PAIRED,RANDOM,GENOMIC,Stigmatochromis macrorhynchos,ILLUMINA,ERP023585,Stigmatochromis macrorhynchos
ERR14734042,302,15314272926,PRJEB21343,SAMEA117805977,ERX14135467,HiSeq X Ten,DN495172V:B5,PAIRED,RANDOM,GENOMIC,Sciaenochromis benthicola,ILLUMINA,ERP023585,Sciaenochromis benthicola
ERR14734043,302,13510024964,PRJEB21343,SAMEA117805978,ERX14135468,HiSeq X Ten,DN495172V:C5,PAIRED,RANDOM,GENOMIC,Otopharynx brooksi,ILLUMINA,ERP023585,Otopharynx brooksi
ERR14734044,302,15272651890,PRJEB21343,SAMEA117805980,ERX14135469,HiSeq X Ten,DN495172V:D5,PAIRED,RANDOM,GENOMIC,Lethrinops cf. albus 'deep-water',ILLUMINA,ERP023585,Lethrinops cf. albus 'deep-water'
ERR14734045,302,14792918246,PRJEB21343,SAMEA117805983,ERX14135470,HiSeq X Ten,DN495172V:E5,PAIRED,RANDOM,GENOMIC,Lethrinops gossei,ILLUMINA,ERP023585,Lethrinops gossei
ERR14734046,302,14820500812,PRJEB21343,SAMEA117805984,ERX14135471,HiSeq X Ten,DN495172V:F5,PAIRED,RANDOM,GENOMIC,Lethrinops gossei,ILLUMINA,ERP023585,Lethrinops gossei
ERR14734047,302,16416903314,PRJEB21343,SAMEA117805986,ERX14135472,HiSeq X Ten,DN495172V:G5,PAIRED,RANDOM,GENOMIC,Alticorpus peterdaviesi,ILLUMINA,ERP023585,Alticorpus peterdaviesi
ERR14734048,302,16428447566,PRJEB21343,SAMEA117805987,ERX14135473,HiSeq X Ten,DN495172V:H5,PAIRED,RANDOM,GENOMIC,Placidochromis trewavasae,ILLUMINA,ERP023585,Placidochromis trewavasae
ERR14734049,302,14177011896,PRJEB21343,SAMEA117806013,ERX14135474,HiSeq X Ten,DN495172V:A9,PAIRED,RANDOM,GENOMIC,Aulonocara sp. 'minutus',ILLUMINA,ERP023585,Aulonocara sp. 'minutus'
ERR14734050,302,15541784928,PRJEB21343,SAMEA117806014,ERX14135475,HiSeq X Ten,DN495172V:B9,PAIRED,RANDOM,GENOMIC,Aulonocara sp. 'minutus',ILLUMINA,ERP023585,Aulonocara sp. 'minutus'
ERR14734051,302,14095933654,PRJEB21343,SAMEA117806015,ERX14135476,HiSeq X Ten,DN495172V:C9,PAIRED,RANDOM,GENOMIC,Aulonocara sp. 'copper',ILLUMINA,ERP023585,Aulonocara sp. 'copper'
ERR14734052,302,14415887554,PRJEB21343,SAMEA117806016,ERX14135477,HiSeq X Ten,DN495172V:D9,PAIRED,RANDOM,GENOMIC,Aulonocara sp. 'minutus',ILLUMINA,ERP023585,Aulonocara sp. 'minutus'
ERR14734053,302,15780916682,PRJEB21343,SAMEA117806017,ERX14135478,HiSeq X Ten,DN495172V:E9,PAIRED,RANDOM,GENOMIC,Aulonocara sp. 'minutus',ILLUMINA,ERP023585,Aulonocara sp. 'minutus'
ERR14734054,302,15528004668,PRJEB21343,SAMEA117806018,ERX14135479,HiSeq X Ten,DN495172V:F9,PAIRED,RANDOM,GENOMIC,Placidochromis mbunoides,ILLUMINA,ERP023585,Placidochromis mbunoides
ERR14734055,302,18520907114,PRJEB21343,SAMEA117806019,ERX14135480,HiSeq X Ten,DN495172V:G9,PAIRED,RANDOM,GENOMIC,Placidochromis trewavasae,ILLUMINA,ERP023585,Placidochromis trewavasae
ERR14734056,302,17170931478,PRJEB21343,SAMEA117806020,ERX14135481,HiSeq X Ten,DN495172V:H9,PAIRED,RANDOM,GENOMIC,Hemitaeniochromis sp. 'deep',ILLUMINA,ERP023585,Hemitaeniochromis sp. 'deep'
ERR14734057,302,15579236552,PRJEB21343,SAMEA117806021,ERX14135482,HiSeq X Ten,DN495172V:A10,PAIRED,RANDOM,GENOMIC,Aulonocara stonemani,ILLUMINA,ERP023585,Aulonocara stonemani
ERR14734058,302,17272158254,PRJEB21343,SAMEA117806022,ERX14135483,HiSeq X Ten,DN495172V:B10,PAIRED,RANDOM,GENOMIC,Rhamphochromis ferox,ILLUMINA,ERP023585,Rhamphochromis ferox
ERR14734059,302,15293639078,PRJEB21343,SAMEA117806024,ERX14135484,HiSeq X Ten,DN495172V:C10,PAIRED,RANDOM,GENOMIC,Stigmatochromis woodi,ILLUMINA,ERP023585,Stigmatochromis woodi
ERR14734060,302,14604678626,PRJEB21343,SAMEA117806025,ERX14135485,HiSeq X Ten,DN495172V:D10,PAIRED,RANDOM,GENOMIC,Stigmatochromis woodi,ILLUMINA,ERP023585,Stigmatochromis woodi
ERR14734061,302,17054476956,PRJEB21343,SAMEA117806026,ERX14135486,HiSeq X Ten,DN495172V:E10,PAIRED,RANDOM,GENOMIC,Chilotilapia rhoadesii,ILLUMINA,ERP023585,Chilotilapia rhoadesii
ERR14734062,302,14566788498,PRJEB21343,SAMEA117806028,ERX14135487,HiSeq X Ten,DN495172V:F10,PAIRED,RANDOM,GENOMIC,Mylochromis subocularis,ILLUMINA,ERP023585,Mylochromis subocularis
ERR14734063,302,18658283290,PRJEB21343,SAMEA117806031,ERX14135488,HiSeq X Ten,DN495172V:G10,PAIRED,RANDOM,GENOMIC,Aulonocara nyassae,ILLUMINA,ERP023585,Aulonocara nyassae
ERR14734064,302,19438734038,PRJEB21343,SAMEA117806032,ERX14135489,HiSeq X Ten,DN495172V:H10,PAIRED,RANDOM,GENOMIC,Mylochromis cf. obtusus,ILLUMINA,ERP023585,Mylochromis cf. obtusus
ERR14734065,302,13920466520,PRJEB21343,SAMEA117805845,ERX14135490,HiSeq X Ten,DN495172V:A11,PAIRED,RANDOM,GENOMIC,Placidochromis trewavasae,ILLUMINA,ERP023585,Placidochromis trewavasae
ERR14734066,302,17461178846,PRJEB21343,SAMEA117805846,ERX14135491,HiSeq X Ten,DN495172V:B11,PAIRED,RANDOM,GENOMIC,Placidochromis trewavasae,ILLUMINA,ERP023585,Placidochromis trewavasae
ERR14734067,302,15298250014,PRJEB21343,SAMEA117805847,ERX14135492,HiSeq X Ten,DN495172V:C11,PAIRED,RANDOM,GENOMIC,Placidochromis trewavasae,ILLUMINA,ERP023585,Placidochromis trewavasae
ERR14734068,302,14863995758,PRJEB21343,SAMEA117805848,ERX14135493,HiSeq X Ten,DN495172V:D11,PAIRED,RANDOM,GENOMIC,Otopharynx selenurus,ILLUMINA,ERP023585,Otopharynx selenurus
ERR14734069,302,15597058780,PRJEB21343,SAMEA117805849,ERX14135494,HiSeq X Ten,DN495172V:E11,PAIRED,RANDOM,GENOMIC,Otopharynx selenurus,ILLUMINA,ERP023585,Otopharynx selenurus
ERR14734070,302,15762150704,PRJEB21343,SAMEA117805850,ERX14135495,HiSeq X Ten,DN495172V:F11,PAIRED,RANDOM,GENOMIC,Aulonocara rostratum,ILLUMINA,ERP023585,Aulonocara rostratum
ERR14734071,302,16755029460,PRJEB21343,SAMEA117805851,ERX14135496,HiSeq X Ten,DN495172V:G11,PAIRED,RANDOM,GENOMIC,Sciaenochromis spilostichus,ILLUMINA,ERP023585,Mylochromis spilostichus
ERR14734072,302,17246084782,PRJEB21343,SAMEA117805852,ERX14135497,HiSeq X Ten,DN495172V:H11,PAIRED,RANDOM,GENOMIC,Placidochromis elongatus,ILLUMINA,ERP023585,Placidochromis elongatus
ERR14734073,302,13221732442,PRJEB21343,SAMEA117805853,ERX14135498,HiSeq X Ten,DN495172V:A12,PAIRED,RANDOM,GENOMIC,Lethrinops sp. 'blue nose 2016',ILLUMINA,ERP023585,Lethrinops sp. 'blue nose 2016'
ERR14734074,302,14294677136,PRJEB21343,SAMEA117805854,ERX14135499,HiSeq X Ten,DN495172V:B12,PAIRED,RANDOM,GENOMIC,Placidochromis elongatus,ILLUMINA,ERP023585,Placidochromis elongatus
ERR14734075,302,17164189932,PRJEB21343,SAMEA117805855,ERX14135500,HiSeq X Ten,DN495172V:D12,PAIRED,RANDOM,GENOMIC,Sciaenochromis spilostichus,ILLUMINA,ERP023585,Mylochromis spilostichus
ERR14734076,302,16759801966,PRJEB21343,SAMEA117805856,ERX14135501,HiSeq X Ten,DN495172V:E12,PAIRED,RANDOM,GENOMIC,Placidochromis elongatus,ILLUMINA,ERP023585,Placidochromis elongatus
ERR14734077,302,16380380944,PRJEB21343,SAMEA117805857,ERX14135502,HiSeq X Ten,DN495172V:F12,PAIRED,RANDOM,GENOMIC,Sciaenochromis spilostichus,ILLUMINA,ERP023585,Mylochromis spilostichus
ERR14734078,302,17490753404,PRJEB21343,SAMEA117805858,ERX14135503,HiSeq X Ten,DN495172V:G12,PAIRED,RANDOM,GENOMIC,Trematocranus placodon,ILLUMINA,ERP023585,Trematocranus placodon
ERR14734079,302,16999400914,PRJEB21343,SAMEA117805859,ERX14135504,HiSeq X Ten,DN495172V:H12,PAIRED,RANDOM,GENOMIC,Trematocranus placodon,ILLUMINA,ERP023585,Trematocranus placodon
ERR14734080,302,14772141552,PRJEB21343,SAMEA117805860,ERX14135505,HiSeq X Ten,DN495173W:A1,PAIRED,RANDOM,GENOMIC,Trematocranus placodon,ILLUMINA,ERP023585,Trematocranus placodon
ERR14734081,302,15755260272,PRJEB21343,SAMEA117805861,ERX14135506,HiSeq X Ten,DN495173W:B1,PAIRED,RANDOM,GENOMIC,Trematocranus placodon,ILLUMINA,ERP023585,Trematocranus placodon
ERR14734082,302,16552817206,PRJEB21343,SAMEA117805863,ERX14135507,HiSeq X Ten,DN495173W:C1,PAIRED,RANDOM,GENOMIC,Trematocranus placodon,ILLUMINA,ERP023585,Trematocranus placodon
ERR14734083,302,16993075524,PRJEB21343,SAMEA117805864,ERX14135508,HiSeq X Ten,DN495173W:D1,PAIRED,RANDOM,GENOMIC,Trematocranus placodon,ILLUMINA,ERP023585,Trematocranus placodon
ERR14734084,302,17172250312,PRJEB21343,SAMEA117805865,ERX14135509,HiSeq X Ten,DN495173W:E1,PAIRED,RANDOM,GENOMIC,Trematocranus placodon,ILLUMINA,ERP023585,Trematocranus placodon
ERR14734085,302,14456850532,PRJEB21343,SAMEA117805866,ERX14135510,HiSeq X Ten,DN495173W:F1,PAIRED,RANDOM,GENOMIC,Trematocranus placodon,ILLUMINA,ERP023585,Trematocranus placodon
ERR14734086,302,17014432360,PRJEB21343,SAMEA117805867,ERX14135511,HiSeq X Ten,DN495173W:G1,PAIRED,RANDOM,GENOMIC,Chilotilapia rhoadesii,ILLUMINA,ERP023585,Chilotilapia rhoadesii
ERR14734087,302,16223094512,PRJEB21343,SAMEA117805871,ERX14135512,HiSeq X Ten,DN495173W:H1,PAIRED,RANDOM,GENOMIC,Lethrinops sp. 'blue nose 2016',ILLUMINA,ERP023585,Lethrinops sp. 'blue nose 2016'
ERR14734088,302,12882267530,PRJEB21343,SAMEA117805872,ERX14135513,HiSeq X Ten,DN495173W:A2,PAIRED,RANDOM,GENOMIC,Lethrinops sp. 'blue nose 2016',ILLUMINA,ERP023585,Lethrinops sp. 'blue nose 2016'
ERR14734089,302,15620109232,PRJEB21343,SAMEA117805873,ERX14135514,HiSeq X Ten,DN495173W:B2,PAIRED,RANDOM,GENOMIC,Placidochromis elongatus,ILLUMINA,ERP023585,Placidochromis elongatus
ERR14734090,302,14561012446,PRJEB21343,SAMEA117805874,ERX14135515,HiSeq X Ten,DN495173W:C2,PAIRED,RANDOM,GENOMIC,Placidochromis elongatus,ILLUMINA,ERP023585,Placidochromis elongatus
ERR14734091,302,15175153606,PRJEB21343,SAMEA117805875,ERX14135516,HiSeq X Ten,DN495173W:D2,PAIRED,RANDOM,GENOMIC,Mchenga sp. 'chirombo 1 2016',ILLUMINA,ERP023585,Mchenga sp. 'chirombo 1'
ERR14734092,302,17075533000,PRJEB21343,SAMEA117805876,ERX14135517,HiSeq X Ten,DN495173W:E2,PAIRED,RANDOM,GENOMIC,Mchenga sp. 'chirombo 2 2016',ILLUMINA,ERP023585,Mchenga sp. 'chirombo 2'
ERR14734093,302,17553499944,PRJEB21343,SAMEA117805877,ERX14135518,HiSeq X Ten,DN495173W:F2,PAIRED,RANDOM,GENOMIC,Mchenga sp. 'black yellow',ILLUMINA,ERP023585,Mchenga sp. 'black yellow'
ERR14734094,302,17971144200,PRJEB21343,SAMEA117805878,ERX14135519,HiSeq X Ten,DN495173W:G2,PAIRED,RANDOM,GENOMIC,Dimidiochromis kiwinge,ILLUMINA,ERP023585,Dimidiochromis kiwinge
ERR14734095,302,17131951130,PRJEB21343,SAMEA117805879,ERX14135520,HiSeq X Ten,DN495173W:H2,PAIRED,RANDOM,GENOMIC,Lethrinops gossei,ILLUMINA,ERP023585,Lethrinops gossei
ERR14734096,302,16036452170,PRJEB21343,SAMEA117805880,ERX14135521,HiSeq X Ten,DN495173W:A3,PAIRED,RANDOM,GENOMIC,Lethrinops gossei,ILLUMINA,ERP023585,Lethrinops gossei
ERR14734097,302,16145853482,PRJEB21343,SAMEA117805881,ERX14135522,HiSeq X Ten,DN495173W:B3,PAIRED,RANDOM,GENOMIC,Lethrinops gossei,ILLUMINA,ERP023585,Lethrinops gossei
ERR14734098,302,16474229860,PRJEB21343,SAMEA117805882,ERX14135523,HiSeq X Ten,DN495173W:C3,PAIRED,RANDOM,GENOMIC,Lethrinops gossei,ILLUMINA,ERP023585,Lethrinops gossei
ERR14734099,302,15858424378,PRJEB21343,SAMEA117805883,ERX14135524,HiSeq X Ten,DN495173W:D3,PAIRED,RANDOM,GENOMIC,Lethrinops gossei,ILLUMINA,ERP023585,Lethrinops gossei
ERR14734100,302,16643099502,PRJEB21343,SAMEA117805884,ERX14135525,HiSeq X Ten,DN495173W:E3,PAIRED,RANDOM,GENOMIC,Lethrinops gossei,ILLUMINA,ERP023585,Lethrinops gossei
ERR14734101,302,16623920388,PRJEB21343,SAMEA117805885,ERX14135526,HiSeq X Ten,DN495173W:F3,PAIRED,RANDOM,GENOMIC,Lethrinops gossei,ILLUMINA,ERP023585,Lethrinops gossei
ERR14734102,302,16714829636,PRJEB21343,SAMEA117805886,ERX14135527,HiSeq X Ten,DN495173W:G3,PAIRED,RANDOM,GENOMIC,Lethrinops gossei,ILLUMINA,ERP023585,Lethrinops gossei
ERR14734103,302,16687630006,PRJEB21343,SAMEA117805887,ERX14135528,HiSeq X Ten,DN495173W:H3,PAIRED,RANDOM,GENOMIC,Lethrinops gossei,ILLUMINA,ERP023585,Lethrinops gossei
ERR14734104,302,15409512854,PRJEB21343,SAMEA117805888,ERX14135529,HiSeq X Ten,DN495173W:A4,PAIRED,RANDOM,GENOMIC,Lethrinops gossei,ILLUMINA,ERP023585,Lethrinops gossei
ERR14734105,302,16189386178,PRJEB21343,SAMEA117805889,ERX14135530,HiSeq X Ten,DN495173W:B4,PAIRED,RANDOM,GENOMIC,Diplotaxodon macrops,ILLUMINA,ERP023585,Diplotaxodon macrops
ERR14734106,302,16120959018,PRJEB21343,SAMEA117805890,ERX14135531,HiSeq X Ten,DN495173W:C4,PAIRED,RANDOM,GENOMIC,Lethrinops longipinnis,ILLUMINA,ERP023585,Lethrinops longipinnis
ERR14734107,302,17401622030,PRJEB21343,SAMEA117805891,ERX14135532,HiSeq X Ten,DN495173W:D4,PAIRED,RANDOM,GENOMIC,Lethrinops longipinnis,ILLUMINA,ERP023585,Lethrinops longipinnis
ERR14734108,302,16395362258,PRJEB21343,SAMEA117805892,ERX14135533,HiSeq X Ten,DN495173W:E4,PAIRED,RANDOM,GENOMIC,Diplotaxodon macrops,ILLUMINA,ERP023585,Diplotaxodon macrops
ERR14734109,302,16164569932,PRJEB21343,SAMEA117805893,ERX14135534,HiSeq X Ten,DN495173W:F4,PAIRED,RANDOM,GENOMIC,Diplotaxodon macrops,ILLUMINA,ERP023585,Diplotaxodon macrops
ERR14734110,302,17130600888,PRJEB21343,SAMEA117805894,ERX14135535,HiSeq X Ten,DN495173W:G4,PAIRED,RANDOM,GENOMIC,Diplotaxodon macrops,ILLUMINA,ERP023585,Diplotaxodon macrops
ERR14734111,302,14473764646,PRJEB21343,SAMEA117805895,ERX14135536,HiSeq X Ten,DN495173W:H4,PAIRED,RANDOM,GENOMIC,Diplotaxodon macrops,ILLUMINA,ERP023585,Diplotaxodon macrops
ERR14734112,302,16836680294,PRJEB21343,SAMEA117805896,ERX14135537,HiSeq X Ten,DN495173W:A5,PAIRED,RANDOM,GENOMIC,Diplotaxodon macrops,ILLUMINA,ERP023585,Diplotaxodon macrops
ERR14734113,302,16892822094,PRJEB21343,SAMEA117805897,ERX14135538,HiSeq X Ten,DN495173W:B5,PAIRED,RANDOM,GENOMIC,Lethrinops sp. 'longimanus red head',ILLUMINA,ERP023585,Lethrinops sp. 'longimanus red head'
ERR14734114,302,15868756100,PRJEB21343,SAMEA117805898,ERX14135539,HiSeq X Ten,DN495173W:C5,PAIRED,RANDOM,GENOMIC,Alticorpus peterdaviesi,ILLUMINA,ERP023585,Alticorpus peterdaviesi
ERR14734115,302,15152300964,PRJEB21343,SAMEA117805899,ERX14135540,HiSeq X Ten,DN495173W:D5,PAIRED,RANDOM,GENOMIC,Alticorpus peterdaviesi,ILLUMINA,ERP023585,Alticorpus peterdaviesi
ERR14734116,302,16865516764,PRJEB21343,SAMEA117805900,ERX14135541,HiSeq X Ten,DN495173W:E5,PAIRED,RANDOM,GENOMIC,Alticorpus peterdaviesi,ILLUMINA,ERP023585,Alticorpus peterdaviesi
ERR14734117,302,17580605350,PRJEB21343,SAMEA117805901,ERX14135542,HiSeq X Ten,DN495173W:F5,PAIRED,RANDOM,GENOMIC,Alticorpus peterdaviesi,ILLUMINA,ERP023585,Alticorpus peterdaviesi
ERR14734118,302,18261652496,PRJEB21343,SAMEA117805902,ERX14135543,HiSeq X Ten,DN495173W:G5,PAIRED,RANDOM,GENOMIC,Alticorpus peterdaviesi,ILLUMINA,ERP023585,Alticorpus peterdaviesi
ERR14734119,302,15480786666,PRJEB21343,SAMEA117805903,ERX14135544,HiSeq X Ten,DN495173W:H5,PAIRED,RANDOM,GENOMIC,Alticorpus geoffreyi,ILLUMINA,ERP023585,Alticorpus geoffreyi
ERR14734120,302,13885750714,PRJEB21343,SAMEA117806097,ERX14135545,HiSeq X Ten,DN495179F:A6,PAIRED,RANDOM,GENOMIC,Labeotropheus trewavasae,ILLUMINA,ERP023585,Labeotropheus trewavasae
ERR14734121,302,14469799688,PRJEB21343,SAMEA117806098,ERX14135546,HiSeq X Ten,DN495179F:B6,PAIRED,RANDOM,GENOMIC,Tropheops tropheops,ILLUMINA,ERP023585,Tropheops tropheops
ERR14734122,302,15778196568,PRJEB21343,SAMEA117806099,ERX14135547,HiSeq X Ten,DN495179F:C6,PAIRED,RANDOM,GENOMIC,Aulonocara stuartgranti,ILLUMINA,ERP023585,Aulonocara stuartgranti
ERR14734123,302,14296347498,PRJEB21343,SAMEA117806100,ERX14135548,HiSeq X Ten,DN495179F:D6,PAIRED,RANDOM,GENOMIC,Copadichromis chrysonotus,ILLUMINA,ERP023585,Copadichromis chrysonotus
ERR14734124,302,17322331628,PRJEB21343,SAMEA117806101,ERX14135549,HiSeq X Ten,DN495179F:E6,PAIRED,RANDOM,GENOMIC,Copadichromis chrysonotus,ILLUMINA,ERP023585,Copadichromis chrysonotus
ERR14734125,302,17659976386,PRJEB21343,SAMEA117806102,ERX14135550,HiSeq X Ten,DN495179F:F6,PAIRED,RANDOM,GENOMIC,Mylochromis subocularis,ILLUMINA,ERP023585,Mylochromis subocularis
ERR14734126,302,18021786580,PRJEB21343,SAMEA117806103,ERX14135551,HiSeq X Ten,DN495179F:G6,PAIRED,RANDOM,GENOMIC,Protomelas taeniolatus,ILLUMINA,ERP023585,Protomelas taeniolatus
ERR14734127,302,18902276338,PRJEB21343,SAMEA117806104,ERX14135552,HiSeq X Ten,DN495179F:H6,PAIRED,RANDOM,GENOMIC,Mylochromis subocularis,ILLUMINA,ERP023585,Mylochromis subocularis
ERR14734128,302,19565304956,PRJEB21343,SAMEA117805936,ERX14135553,HiSeq X Ten,DN495179F:A11,PAIRED,RANDOM,GENOMIC,Otopharynx auromarginatus,ILLUMINA,ERP023585,Otopharynx auromarginatus
ERR14734129,302,20235187464,PRJEB21343,SAMEA117805937,ERX14135554,HiSeq X Ten,DN495179F:B11,PAIRED,RANDOM,GENOMIC,Otopharynx auromarginatus,ILLUMINA,ERP023585,Otopharynx auromarginatus
ERR14734130,302,18140319768,PRJEB21343,SAMEA117805938,ERX14135555,HiSeq X Ten,DN495179F:C11,PAIRED,RANDOM,GENOMIC,Nimbochromis venustus,ILLUMINA,ERP023585,Nimbochromis venustus
ERR14734131,302,17276842274,PRJEB21343,SAMEA117806096,ERX14135556,HiSeq X Ten,DN495179F:E11,PAIRED,RANDOM,GENOMIC,Tropheops sp. 'red cheek',ILLUMINA,ERP023585,Tropheops sp. 'red cheek'
ERR14734132,302,14012692488,PRJEB21343,SAMEA117806116,ERX14135557,HiSeq X Ten,DN495180V:A1,PAIRED,RANDOM,GENOMIC,Mchenga sp. 'black yellow',ILLUMINA,ERP023585,Mchenga sp. 'black yellow'
ERR14734133,302,14478470712,PRJEB21343,SAMEA117806117,ERX14135558,HiSeq X Ten,DN495180V:B1,PAIRED,RANDOM,GENOMIC,Protomelas cf. triaenodon,ILLUMINA,ERP023585,Protomelas cf. triaenodon
ERR14734134,302,14572269194,PRJEB21343,SAMEA117806118,ERX14135559,HiSeq X Ten,DN495180V:C1,PAIRED,RANDOM,GENOMIC,Chilotilapia rhoadesii,ILLUMINA,ERP023585,Chilotilapia rhoadesii
ERR14734135,302,19516275860,PRJEB21343,SAMEA117806119,ERX14135560,HiSeq X Ten,DN495180V:D1,PAIRED,RANDOM,GENOMIC,Chilotilapia rhoadesii,ILLUMINA,ERP023585,Chilotilapia rhoadesii
ERR14734136,302,17422879508,PRJEB21343,SAMEA117806120,ERX14135561,HiSeq X Ten,DN495180V:E1,PAIRED,RANDOM,GENOMIC,Chilotilapia rhoadesii,ILLUMINA,ERP023585,Chilotilapia rhoadesii
ERR14734137,302,16334798574,PRJEB21343,SAMEA117806121,ERX14135562,HiSeq X Ten,DN495180V:F1,PAIRED,RANDOM,GENOMIC,Chilotilapia rhoadesii,ILLUMINA,ERP023585,Chilotilapia rhoadesii
ERR14734138,302,16343683112,PRJEB21343,SAMEA117806122,ERX14135563,HiSeq X Ten,DN495180V:G1,PAIRED,RANDOM,GENOMIC,Chilotilapia rhoadesii,ILLUMINA,ERP023585,Chilotilapia rhoadesii
ERR14734139,302,16369817588,PRJEB21343,SAMEA117806123,ERX14135564,HiSeq X Ten,DN495180V:H1,PAIRED,RANDOM,GENOMIC,Chilotilapia rhoadesii,ILLUMINA,ERP023585,Chilotilapia rhoadesii
ERR14734140,302,13373510696,PRJEB21343,SAMEA117805494,ERX14135565,HiSeq X Ten,DN490206R:A2,PAIRED,RANDOM,GENOMIC,Petrotilapia microgalana,ILLUMINA,ERP023585,Petrotilapia microgalana
ERR14734141,302,14486101346,PRJEB21343,SAMEA117805496,ERX14135566,HiSeq X Ten,DN490206R:B2,PAIRED,RANDOM,GENOMIC,Mylochromis cf. mollis,ILLUMINA,ERP023585,Mylochromis cf. mollis
ERR14734142,302,13599256904,PRJEB21343,SAMEA117805497,ERX14135567,HiSeq X Ten,DN490206R:C2,PAIRED,RANDOM,GENOMIC,Protomelas taeniolatus,ILLUMINA,ERP023585,Protomelas taeniolatus
ERR14734143,302,13975146640,PRJEB21343,SAMEA117805499,ERX14135568,HiSeq X Ten,DN490206R:D2,PAIRED,RANDOM,GENOMIC,Tropheops sp. 'olive',ILLUMINA,ERP023585,Tropheops sp. 'olive'
ERR14734144,302,16598365148,PRJEB21343,SAMEA117805501,ERX14135569,HiSeq X Ten,DN490206R:E2,PAIRED,RANDOM,GENOMIC,Pseudotropheus interruptus,ILLUMINA,ERP023585,Pseudotropheus interruptus
ERR14734145,302,16179321726,PRJEB21343,SAMEA117805502,ERX14135570,HiSeq X Ten,DN490206R:F2,PAIRED,RANDOM,GENOMIC,Diplotaxodon sp. 'big eye black dorsal 2016',ILLUMINA,ERP023585,Diplotaxodon sp. 'big eye black dorsal 2016'
ERR14734146,302,16258354522,PRJEB21343,SAMEA117805503,ERX14135571,HiSeq X Ten,DN490206R:G2,PAIRED,RANDOM,GENOMIC,Melanochromis loriae,ILLUMINA,ERP023585,Melanochromis loriae
ERR14734147,302,15818401224,PRJEB21343,SAMEA117805505,ERX14135572,HiSeq X Ten,DN490206R:H2,PAIRED,RANDOM,GENOMIC,Petrotilapia microgalana,ILLUMINA,ERP023585,Petrotilapia microgalana
ERR14734148,302,14276781824,PRJEB21343,SAMEA117805539,ERX14135573,HiSeq X Ten,DN490206R:A6,PAIRED,RANDOM,GENOMIC,Tropheops sp. 'rust',ILLUMINA,ERP023585,Tropheops sp. 'rust'
ERR14734149,302,13612218744,PRJEB21343,SAMEA117805540,ERX14135574,HiSeq X Ten,DN490206R:B6,PAIRED,RANDOM,GENOMIC,Petrotilapia microgalana,ILLUMINA,ERP023585,Petrotilapia microgalana
ERR14734150,302,14196445898,PRJEB21343,SAMEA117805541,ERX14135575,HiSeq X Ten,DN490206R:C6,PAIRED,RANDOM,GENOMIC,Labidochromis maculicauda,ILLUMINA,ERP023585,Labidochromis maculicauda
ERR14734151,302,15234118502,PRJEB21343,SAMEA117805545,ERX14135576,HiSeq X Ten,DN490206R:D6,PAIRED,RANDOM,GENOMIC,Tropheops sp. 'band',ILLUMINA,ERP023585,Tropheops sp. 'band'
ERR14734152,302,16354349148,PRJEB21343,SAMEA117805546,ERX14135577,HiSeq X Ten,DN490206R:E6,PAIRED,RANDOM,GENOMIC,Tropheops tropheops gracilior,ILLUMINA,ERP023585,Tropheops gracilior
ERR14734153,302,16231267236,PRJEB21343,SAMEA117805547,ERX14135578,HiSeq X Ten,DN490206R:F6,PAIRED,RANDOM,GENOMIC,Aulonocara stuartgranti,ILLUMINA,ERP023585,Aulonocara stuartgranti
ERR14734154,302,16632667214,PRJEB21343,SAMEA117805548,ERX14135579,HiSeq X Ten,DN490206R:G6,PAIRED,RANDOM,GENOMIC,Aulonocara stuartgranti,ILLUMINA,ERP023585,Aulonocara stuartgranti
ERR14734155,302,17461144720,PRJEB21343,SAMEA117805556,ERX14135580,HiSeq X Ten,DN490206R:H6,PAIRED,RANDOM,GENOMIC,Tropheops sp. orange head,ILLUMINA,ERP023585,Tropheops sp. orange head
ERR14734156,302,13594833510,PRJEB21343,SAMEA117805475,ERX14135581,HiSeq X Ten,DN490206R:A1,PAIRED,RANDOM,GENOMIC,Dimidiochromis kiwinge,ILLUMINA,ERP023585,Dimidiochromis kiwinge
ERR14734157,302,16179103078,PRJEB21343,SAMEA117805476,ERX14135582,HiSeq X Ten,DN490206R:B1,PAIRED,RANDOM,GENOMIC,Dimidiochromis kiwinge,ILLUMINA,ERP023585,Dimidiochromis kiwinge
ERR14734158,302,14916673014,PRJEB21343,SAMEA117805482,ERX14135583,HiSeq X Ten,DN490206R:C1,PAIRED,RANDOM,GENOMIC,Taeniolethrinops laticeps,ILLUMINA,ERP023585,Taeniolethrinops laticeps
ERR14734159,302,16660217768,PRJEB21343,SAMEA117805486,ERX14135584,HiSeq X Ten,DN490206R:D1,PAIRED,RANDOM,GENOMIC,Tropheops sp. 'rust',ILLUMINA,ERP023585,Tropheops sp. 'rust'
ERR14734160,302,15489322998,PRJEB21343,SAMEA117805487,ERX14135585,HiSeq X Ten,DN490206R:E1,PAIRED,RANDOM,GENOMIC,Aulonocara stuartgranti,ILLUMINA,ERP023585,Aulonocara stuartgranti
ERR14734161,302,14967342574,PRJEB21343,SAMEA117805488,ERX14135586,HiSeq X Ten,DN490206R:F1,PAIRED,RANDOM,GENOMIC,Tramitichromis sp. 'kande',ILLUMINA,ERP023585,Tramitichromis sp. 'kande'
ERR14734162,302,14921122380,PRJEB21343,SAMEA117805489,ERX14135587,HiSeq X Ten,DN490206R:G1,PAIRED,RANDOM,GENOMIC,Cyathochromis obliquidens,ILLUMINA,ERP023585,Cyathochromis obliquidens
ERR14734163,302,14783006606,PRJEB21343,SAMEA117805491,ERX14135588,HiSeq X Ten,DN490206R:H1,PAIRED,RANDOM,GENOMIC,Pseudotropheus lucerna,ILLUMINA,ERP023585,Pseudotropheus lucerna
ERR14734164,302,14982422038,PRJEB21343,SAMEA117805507,ERX14135589,HiSeq X Ten,DN490206R:A3,PAIRED,RANDOM,GENOMIC,Protomelas labridens,ILLUMINA,ERP023585,Protomelas labridens
ERR14734165,302,13071871888,PRJEB21343,SAMEA117805510,ERX14135590,HiSeq X Ten,DN490206R:B3,PAIRED,RANDOM,GENOMIC,Copadichromis virginalis,ILLUMINA,ERP023585,Copadichromis virginalis
ERR14734166,302,16468710810,PRJEB21343,SAMEA117805512,ERX14135591,HiSeq X Ten,DN490206R:C3,PAIRED,RANDOM,GENOMIC,Copadichromis virginalis,ILLUMINA,ERP023585,Copadichromis virginalis
ERR14734167,302,14281251424,PRJEB21343,SAMEA117805513,ERX14135592,HiSeq X Ten,DN490206R:D3,PAIRED,RANDOM,GENOMIC,Copadichromis virginalis,ILLUMINA,ERP023585,Copadichromis virginalis
ERR14734168,302,13164694004,PRJEB21343,SAMEA117805515,ERX14135593,HiSeq X Ten,DN490206R:E3,PAIRED,RANDOM,GENOMIC,Copadichromis virginalis,ILLUMINA,ERP023585,Copadichromis virginalis
ERR14734169,302,15781051072,PRJEB21343,SAMEA117805516,ERX14135594,HiSeq X Ten,DN490206R:F3,PAIRED,RANDOM,GENOMIC,Copadichromis virginalis,ILLUMINA,ERP023585,Copadichromis virginalis
ERR14734170,302,13469497470,PRJEB21343,SAMEA117805517,ERX14135595,HiSeq X Ten,DN490206R:G3,PAIRED,RANDOM,GENOMIC,Copadichromis virginalis,ILLUMINA,ERP023585,Copadichromis virginalis
ERR14734171,302,13533002634,PRJEB21343,SAMEA117805518,ERX14135596,HiSeq X Ten,DN490206R:H3,PAIRED,RANDOM,GENOMIC,Copadichromis virginalis,ILLUMINA,ERP023585,Copadichromis virginalis
ERR14734172,302,13542204574,PRJEB21343,SAMEA117805519,ERX14135597,HiSeq X Ten,DN490206R:A4,PAIRED,RANDOM,GENOMIC,Copadichromis virginalis,ILLUMINA,ERP023585,Copadichromis virginalis
ERR14734173,302,14401033382,PRJEB21343,SAMEA117805521,ERX14135598,HiSeq X Ten,DN490206R:B4,PAIRED,RANDOM,GENOMIC,Copadichromis virginalis,ILLUMINA,ERP023585,Copadichromis virginalis
ERR14734174,302,16070162920,PRJEB21343,SAMEA117805522,ERX14135599,HiSeq X Ten,DN490206R:C4,PAIRED,RANDOM,GENOMIC,Copadichromis virginalis,ILLUMINA,ERP023585,Copadichromis virginalis
ERR14734175,302,17171746878,PRJEB21343,SAMEA117805523,ERX14135600,HiSeq X Ten,DN490206R:D4,PAIRED,RANDOM,GENOMIC,Copadichromis virginalis,ILLUMINA,ERP023585,Copadichromis virginalis
ERR14734176,302,15245394578,PRJEB21343,SAMEA117805524,ERX14135601,HiSeq X Ten,DN490206R:E4,PAIRED,RANDOM,GENOMIC,Copadichromis virginalis,ILLUMINA,ERP023585,Copadichromis virginalis
ERR14734177,302,14505264152,PRJEB21343,SAMEA117805525,ERX14135602,HiSeq X Ten,DN490206R:F4,PAIRED,RANDOM,GENOMIC,Copadichromis virginalis,ILLUMINA,ERP023585,Copadichromis virginalis
ERR14734178,302,15608259356,PRJEB21343,SAMEA117805526,ERX14135603,HiSeq X Ten,DN490206R:G4,PAIRED,RANDOM,GENOMIC,Copadichromis virginalis,ILLUMINA,ERP023585,Copadichromis virginalis
ERR14734179,302,13520854080,PRJEB21343,SAMEA117805527,ERX14135604,HiSeq X Ten,DN490206R:H4,PAIRED,RANDOM,GENOMIC,Copadichromis virginalis,ILLUMINA,ERP023585,Copadichromis virginalis
ERR14734180,302,14242304296,PRJEB21343,SAMEA117805529,ERX14135605,HiSeq X Ten,DN490206R:A5,PAIRED,RANDOM,GENOMIC,Tropheops sp. 'rust',ILLUMINA,ERP023585,Tropheops sp. 'rust'
ERR14734181,302,14104415928,PRJEB21343,SAMEA117805531,ERX14135606,HiSeq X Ten,DN490206R:B5,PAIRED,RANDOM,GENOMIC,Sciaenochromis cf. fryeri,ILLUMINA,ERP023585,Sciaenochromis cf. fryeri
ERR14734182,302,13029620578,PRJEB21343,SAMEA117805532,ERX14135607,HiSeq X Ten,DN490206R:C5,PAIRED,RANDOM,GENOMIC,Tropheops tropheops gracilior,ILLUMINA,ERP023585,Tropheops gracilior
ERR14734183,302,23586034806,PRJEB21343,SAMEA117805533,ERX14135608,HiSeq X Ten,DN490206R:D5,PAIRED,RANDOM,GENOMIC,Hemitaeniochromis brachyrhynchus,ILLUMINA,ERP023585,Hemitaeniochromis brachyrhynchus
ERR14734184,302,14720316540,PRJEB21343,SAMEA117805534,ERX14135609,HiSeq X Ten,DN490206R:E5,PAIRED,RANDOM,GENOMIC,Otopharynx sp. 'brooksi striped',ILLUMINA,ERP023585,Otopharynx sp. 'brooksi striped'
ERR14734185,302,15178220718,PRJEB21343,SAMEA117805535,ERX14135610,HiSeq X Ten,DN490206R:F5,PAIRED,RANDOM,GENOMIC,Tropheops sp. 'red fin Nkhata Bay 2016',ILLUMINA,ERP023585,Tropheops sp. 'red fin Nkhata Bay 2016'
ERR14734186,302,14474189258,PRJEB21343,SAMEA117805536,ERX14135611,HiSeq X Ten,DN490206R:G5,PAIRED,RANDOM,GENOMIC,Melanochromis mpoto,ILLUMINA,ERP023585,Melanochromis mpoto
ERR14734187,302,13832964738,PRJEB21343,SAMEA117805538,ERX14135612,HiSeq X Ten,DN490206R:H5,PAIRED,RANDOM,GENOMIC,Tropheops sp. 'olive',ILLUMINA,ERP023585,Tropheops sp. 'olive'
ERR14734188,302,16917995606,PRJEB21343,SAMEA117805573,ERX14135613,HiSeq X Ten,DN490206R:A8,PAIRED,RANDOM,GENOMIC,Dentimargo eos,ILLUMINA,ERP023585,Tropheops sp. 'chilumba 2023'
ERR14734189,302,15630679232,PRJEB21343,SAMEA117805574,ERX14135614,HiSeq X Ten,DN490206R:B8,PAIRED,RANDOM,GENOMIC,Dentimargo epacrodonta,ILLUMINA,ERP023585,Tropheops sp. 'chilumba 2023'
ERR14734190,302,16131422412,PRJEB21343,SAMEA117805575,ERX14135615,HiSeq X Ten,DN490206R:C8,PAIRED,RANDOM,GENOMIC,Dentimargo eremus,ILLUMINA,ERP023585,Tropheops sp. 'chilumba 2023'
ERR14734191,302,15505360708,PRJEB21343,SAMEA117805578,ERX14135616,HiSeq X Ten,DN490206R:D8,PAIRED,RANDOM,GENOMIC,Labeotropheus trewavasae,ILLUMINA,ERP023585,Labeotropheus trewavasae
ERR14734192,302,16238409536,PRJEB21343,SAMEA117805581,ERX14135617,HiSeq X Ten,DN490206R:E8,PAIRED,RANDOM,GENOMIC,Labeotropheus trewavasae,ILLUMINA,ERP023585,Labeotropheus trewavasae
ERR14734193,302,17071369628,PRJEB21343,SAMEA117805582,ERX14135618,HiSeq X Ten,DN490206R:F8,PAIRED,RANDOM,GENOMIC,Maylandia sp. 'pearly',ILLUMINA,ERP023585,Maylandia sp. 'pearly'
ERR14734194,302,17137848586,PRJEB21343,SAMEA117805583,ERX14135619,HiSeq X Ten,DN490206R:G8,PAIRED,RANDOM,GENOMIC,Maylandia sp. 'pearly',ILLUMINA,ERP023585,Maylandia sp. 'pearly'
ERR14734195,302,15810052132,PRJEB21343,SAMEA117805584,ERX14135620,HiSeq X Ten,DN490206R:H8,PAIRED,RANDOM,GENOMIC,Maylandia sp. 'pearly',ILLUMINA,ERP023585,Maylandia sp. 'pearly'
ERR14734196,302,14778332552,PRJEB21343,SAMEA117805585,ERX14135621,HiSeq X Ten,DN490206R:A9,PAIRED,RANDOM,GENOMIC,Maylandia sp. 'pearly',ILLUMINA,ERP023585,Maylandia sp. 'pearly'
ERR14734197,302,15444180340,PRJEB21343,SAMEA117805588,ERX14135622,HiSeq X Ten,DN490206R:B9,PAIRED,RANDOM,GENOMIC,Maylandia emmiltos,ILLUMINA,ERP023585,Maylandia emmiltos
ERR14734198,302,14712701006,PRJEB21343,SAMEA117805589,ERX14135623,HiSeq X Ten,DN490206R:C9,PAIRED,RANDOM,GENOMIC,Maylandia emmiltos,ILLUMINA,ERP023585,Maylandia emmiltos
ERR14734199,302,16106537310,PRJEB21343,SAMEA117805590,ERX14135624,HiSeq X Ten,DN490206R:D9,PAIRED,RANDOM,GENOMIC,Maylandia emmiltos,ILLUMINA,ERP023585,Maylandia emmiltos
ERR14734200,302,16500393328,PRJEB21343,SAMEA117805591,ERX14135625,HiSeq X Ten,DN490206R:E9,PAIRED,RANDOM,GENOMIC,Maylandia emmiltos,ILLUMINA,ERP023585,Maylandia emmiltos
ERR14734201,302,17000495966,PRJEB21343,SAMEA117805592,ERX14135626,HiSeq X Ten,DN490206R:F9,PAIRED,RANDOM,GENOMIC,Maylandia emmiltos,ILLUMINA,ERP023585,Maylandia emmiltos
ERR14734202,302,18222578830,PRJEB21343,SAMEA117805593,ERX14135627,HiSeq X Ten,DN490206R:G9,PAIRED,RANDOM,GENOMIC,Maylandia emmiltos,ILLUMINA,ERP023585,Maylandia emmiltos
ERR14734203,302,17814478378,PRJEB21343,SAMEA117805594,ERX14135628,HiSeq X Ten,DN490206R:H9,PAIRED,RANDOM,GENOMIC,Maylandia emmiltos,ILLUMINA,ERP023585,Maylandia emmiltos
ERR14734204,302,16067102150,PRJEB21343,SAMEA117805559,ERX14135629,HiSeq X Ten,DN490206R:A7,PAIRED,RANDOM,GENOMIC,Tropheops sp. 'orange head Chilumba 2023',ILLUMINA,ERP023585,Tropheops sp. 'chilumba 2023'
ERR14734205,302,14298083092,PRJEB21343,SAMEA117805560,ERX14135630,HiSeq X Ten,DN490206R:B7,PAIRED,RANDOM,GENOMIC,Dentimargo crassidens,ILLUMINA,ERP023585,Tropheops sp. 'chilumba 2023'
ERR14734206,302,15802019234,PRJEB21343,SAMEA117805563,ERX14135631,HiSeq X Ten,DN490206R:C7,PAIRED,RANDOM,GENOMIC,Dentimargo dianae,ILLUMINA,ERP023585,Tropheops sp. 'chilumba 2023'
ERR14734207,302,16026804780,PRJEB21343,SAMEA117805565,ERX14135632,HiSeq X Ten,DN490206R:D7,PAIRED,RANDOM,GENOMIC,Tropheops sp. orange head,ILLUMINA,ERP023585,Tropheops sp. orange head
ERR14734208,302,17160910212,PRJEB21343,SAMEA117805566,ERX14135633,HiSeq X Ten,DN490206R:E7,PAIRED,RANDOM,GENOMIC,Dentimargo didieri,ILLUMINA,ERP023585,Tropheops sp. 'chilumba 2023'
ERR14734209,302,17195274188,PRJEB21343,SAMEA117805570,ERX14135634,HiSeq X Ten,DN490206R:F7,PAIRED,RANDOM,GENOMIC,Dentimargo elainae,ILLUMINA,ERP023585,Tropheops sp. 'chilumba 2023'
ERR14734210,302,16560145236,PRJEB21343,SAMEA117805571,ERX14135635,HiSeq X Ten,DN490206R:G7,PAIRED,RANDOM,GENOMIC,Dentimargo elata,ILLUMINA,ERP023585,Tropheops sp. 'chilumba 2023'
ERR14734211,302,18205304430,PRJEB21343,SAMEA117805572,ERX14135636,HiSeq X Ten,DN490206R:H7,PAIRED,RANDOM,GENOMIC,Dentimargo elpilar,ILLUMINA,ERP023585,Tropheops sp. 'chilumba 2023'
ERR14734212,302,15576833538,PRJEB21343,SAMEA117805595,ERX14135637,HiSeq X Ten,DN490206R:A10,PAIRED,RANDOM,GENOMIC,Maylandia emmiltos,ILLUMINA,ERP023585,Maylandia emmiltos
ERR14734213,302,12442380068,PRJEB21343,SAMEA117805596,ERX14135638,HiSeq X Ten,DN490206R:B10,PAIRED,RANDOM,GENOMIC,Maylandia emmiltos,ILLUMINA,ERP023585,Maylandia emmiltos
ERR14734214,302,17500258854,PRJEB21343,SAMEA117805597,ERX14135639,HiSeq X Ten,DN490206R:C10,PAIRED,RANDOM,GENOMIC,Maylandia emmiltos,ILLUMINA,ERP023585,Maylandia emmiltos
ERR14734215,302,15612554098,PRJEB21343,SAMEA117805598,ERX14135640,HiSeq X Ten,DN490206R:D10,PAIRED,RANDOM,GENOMIC,Maylandia emmiltos,ILLUMINA,ERP023585,Maylandia emmiltos
ERR14734216,302,16570309348,PRJEB21343,SAMEA117805599,ERX14135641,HiSeq X Ten,DN490206R:E10,PAIRED,RANDOM,GENOMIC,Maylandia emmiltos,ILLUMINA,ERP023585,Maylandia emmiltos
ERR14734217,302,14704847194,PRJEB21343,SAMEA117805600,ERX14135642,HiSeq X Ten,DN490206R:F10,PAIRED,RANDOM,GENOMIC,Maylandia emmiltos,ILLUMINA,ERP023585,Maylandia emmiltos
ERR14734218,302,18414984238,PRJEB21343,SAMEA117805601,ERX14135643,HiSeq X Ten,DN490206R:G10,PAIRED,RANDOM,GENOMIC,Maylandia emmiltos,ILLUMINA,ERP023585,Maylandia emmiltos
ERR14734219,302,18724294148,PRJEB21343,SAMEA117805602,ERX14135644,HiSeq X Ten,DN490206R:H10,PAIRED,RANDOM,GENOMIC,Maylandia emmiltos,ILLUMINA,ERP023585,Maylandia emmiltos
ERR14734220,302,15662644422,PRJEB21343,SAMEA117805603,ERX14135645,HiSeq X Ten,DN490206R:A11,PAIRED,RANDOM,GENOMIC,Maylandia emmiltos,ILLUMINA,ERP023585,Maylandia emmiltos
ERR14734221,302,16620011904,PRJEB21343,SAMEA117805604,ERX14135646,HiSeq X Ten,DN490206R:B11,PAIRED,RANDOM,GENOMIC,Maylandia emmiltos,ILLUMINA,ERP023585,Maylandia emmiltos
ERR14734222,302,13856032706,PRJEB21343,SAMEA117805605,ERX14135647,HiSeq X Ten,DN490206R:C11,PAIRED,RANDOM,GENOMIC,Maylandia fainzilberi,ILLUMINA,ERP023585,Maylandia fainzilberi
ERR14734223,302,14711804368,PRJEB21343,SAMEA117805606,ERX14135648,HiSeq X Ten,DN490206R:D11,PAIRED,RANDOM,GENOMIC,Maylandia fainzilberi,ILLUMINA,ERP023585,Maylandia fainzilberi
ERR14734224,302,15231858938,PRJEB21343,SAMEA117805607,ERX14135649,HiSeq X Ten,DN490206R:E11,PAIRED,RANDOM,GENOMIC,Maylandia fainzilberi,ILLUMINA,ERP023585,Maylandia fainzilberi
ERR14734225,302,16217573046,PRJEB21343,SAMEA117805615,ERX14135650,HiSeq X Ten,DN490206R:F11,PAIRED,RANDOM,GENOMIC,Maylandia fainzilberi,ILLUMINA,ERP023585,Maylandia fainzilberi
ERR14734226,302,16507499992,PRJEB21343,SAMEA117805618,ERX14135651,HiSeq X Ten,DN490206R:G11,PAIRED,RANDOM,GENOMIC,Maylandia fainzilberi,ILLUMINA,ERP023585,Maylandia fainzilberi
ERR14734227,302,15912991248,PRJEB21343,SAMEA117805620,ERX14135652,HiSeq X Ten,DN490206R:H11,PAIRED,RANDOM,GENOMIC,Maylandia fainzilberi,ILLUMINA,ERP023585,Maylandia fainzilberi
ERR14734228,302,13044804534,PRJEB21343,SAMEA117805621,ERX14135653,HiSeq X Ten,DN490206R:A12,PAIRED,RANDOM,GENOMIC,Maylandia fainzilberi,ILLUMINA,ERP023585,Maylandia fainzilberi
ERR14734229,302,12276377312,PRJEB21343,SAMEA117805622,ERX14135654,HiSeq X Ten,DN490206R:B12,PAIRED,RANDOM,GENOMIC,Maylandia fainzilberi,ILLUMINA,ERP023585,Maylandia fainzilberi
ERR14734230,302,16778449862,PRJEB21343,SAMEA117805623,ERX14135655,HiSeq X Ten,DN490206R:C12,PAIRED,RANDOM,GENOMIC,Diplotaxodon sp. 'big eye black dorsal 2016',ILLUMINA,ERP023585,Diplotaxodon sp. 'big eye black dorsal 2016'
ERR14734231,302,16155489698,PRJEB21343,SAMEA117805624,ERX14135656,HiSeq X Ten,DN490206R:D12,PAIRED,RANDOM,GENOMIC,Diplotaxodon sp. 'big eye black dorsal 2016',ILLUMINA,ERP023585,Diplotaxodon sp. 'big eye black dorsal 2016'
ERR14734232,302,18291580394,PRJEB21343,SAMEA117805625,ERX14135657,HiSeq X Ten,DN490206R:E12,PAIRED,RANDOM,GENOMIC,Diplotaxodon sp. 'big eye black dorsal 2016',ILLUMINA,ERP023585,Diplotaxodon sp. 'big eye black dorsal 2016'
ERR14734233,302,16470940476,PRJEB21343,SAMEA117805626,ERX14135658,HiSeq X Ten,DN490206R:F12,PAIRED,RANDOM,GENOMIC,Diplotaxodon sp. 'big eye black dorsal 2016',ILLUMINA,ERP023585,Diplotaxodon sp. 'big eye black dorsal 2016'
ERR14734234,302,17659834446,PRJEB21343,SAMEA117805627,ERX14135659,HiSeq X Ten,DN490206R:G12,PAIRED,RANDOM,GENOMIC,Maylandia fainzilberi,ILLUMINA,ERP023585,Maylandia fainzilberi
ERR14734235,302,15964095084,PRJEB21343,SAMEA117805628,ERX14135660,HiSeq X Ten,DN490206R:H12,PAIRED,RANDOM,GENOMIC,Maylandia emmiltos,ILLUMINA,ERP023585,Maylandia emmiltos
ERR14734236,302,14533589940,PRJEB21343,SAMEA117805796,ERX14135661,HiSeq X Ten,DN495171U:A10,PAIRED,RANDOM,GENOMIC,Placidochromis johnstoni,ILLUMINA,ERP023585,Placidochromis johnstoni
ERR14734237,302,14775914438,PRJEB21343,SAMEA117805798,ERX14135662,HiSeq X Ten,DN495171U:B10,PAIRED,RANDOM,GENOMIC,Champsochromis cf. spilorhynchus,ILLUMINA,ERP023585,Champsochromis cf. spilorhynchus
ERR14734238,302,14618852996,PRJEB21343,SAMEA117805799,ERX14135663,HiSeq X Ten,DN495171U:C10,PAIRED,RANDOM,GENOMIC,Placidochromis johnstoni,ILLUMINA,ERP023585,Placidochromis johnstoni
ERR14734239,302,14330201698,PRJEB21343,SAMEA117805807,ERX14135664,HiSeq X Ten,DN495171U:E10,PAIRED,RANDOM,GENOMIC,Stigmatochromis pholidophorus,ILLUMINA,ERP023585,Stigmatochromis pholidophorus
ERR14734240,302,13525904124,PRJEB21343,SAMEA117805813,ERX14135665,HiSeq X Ten,DN495171U:F10,PAIRED,RANDOM,GENOMIC,Fossorochromis rostratus,ILLUMINA,ERP023585,Fossorochromis rostratus
ERR14734241,302,16226531876,PRJEB21343,SAMEA117805815,ERX14135666,HiSeq X Ten,DN495171U:G10,PAIRED,RANDOM,GENOMIC,Copadichromis verduyni,ILLUMINA,ERP023585,Copadichromis verduyni
ERR14734242,302,15027552918,PRJEB21343,SAMEA117806138,ERX14135667,HiSeq X Ten,DN495180V:A4,PAIRED,RANDOM,GENOMIC,Otopharynx argyrosoma,ILLUMINA,ERP023585,Otopharynx argyrosoma
ERR14734243,302,16640301472,PRJEB21343,SAMEA117806139,ERX14135668,HiSeq X Ten,DN495180V:B4,PAIRED,RANDOM,GENOMIC,Mylochromis subocularis,ILLUMINA,ERP023585,Mylochromis subocularis
ERR14734244,302,16359486470,PRJEB21343,SAMEA117806141,ERX14135669,HiSeq X Ten,DN495180V:C4,PAIRED,RANDOM,GENOMIC,Mylochromis subocularis,ILLUMINA,ERP023585,Mylochromis subocularis
ERR14734245,302,16822761114,PRJEB21343,SAMEA117806142,ERX14135670,HiSeq X Ten,DN495180V:D4,PAIRED,RANDOM,GENOMIC,Mylochromis subocularis,ILLUMINA,ERP023585,Mylochromis subocularis
ERR14734246,302,16741172794,PRJEB21343,SAMEA117806144,ERX14135671,HiSeq X Ten,DN495180V:E4,PAIRED,RANDOM,GENOMIC,Mylochromis subocularis,ILLUMINA,ERP023585,Mylochromis subocularis
ERR14734247,302,16284857136,PRJEB21343,SAMEA117806145,ERX14135672,HiSeq X Ten,DN495180V:F4,PAIRED,RANDOM,GENOMIC,Mylochromis subocularis,ILLUMINA,ERP023585,Mylochromis subocularis
ERR14734248,302,16543779856,PRJEB21343,SAMEA117806146,ERX14135673,HiSeq X Ten,DN495180V:G4,PAIRED,RANDOM,GENOMIC,Mylochromis subocularis,ILLUMINA,ERP023585,Mylochromis subocularis
ERR14734249,302,16885593724,PRJEB21343,SAMEA117806147,ERX14135674,HiSeq X Ten,DN495180V:H4,PAIRED,RANDOM,GENOMIC,Mylochromis subocularis,ILLUMINA,ERP023585,Mylochromis subocularis
ERR14734250,302,16680093898,PRJEB21343,SAMEA117806194,ERX14135675,HiSeq X Ten,DN495180V:A10,PAIRED,RANDOM,GENOMIC,Otopharynx argyrosoma,ILLUMINA,ERP023585,Otopharynx argyrosoma
ERR14734251,302,16111415818,PRJEB21343,SAMEA117806195,ERX14135676,HiSeq X Ten,DN495180V:B10,PAIRED,RANDOM,GENOMIC,Otopharynx argyrosoma,ILLUMINA,ERP023585,Otopharynx argyrosoma
ERR14734252,302,15240635058,PRJEB21343,SAMEA117806196,ERX14135677,HiSeq X Ten,DN495180V:C10,PAIRED,RANDOM,GENOMIC,Otopharynx argyrosoma,ILLUMINA,ERP023585,Otopharynx argyrosoma
ERR14734253,302,14854794422,PRJEB21343,SAMEA117806197,ERX14135678,HiSeq X Ten,DN495180V:D10,PAIRED,RANDOM,GENOMIC,Otopharynx argyrosoma,ILLUMINA,ERP023585,Otopharynx argyrosoma
ERR14734254,302,16696925566,PRJEB21343,SAMEA117806198,ERX14135679,HiSeq X Ten,DN495180V:E10,PAIRED,RANDOM,GENOMIC,Otopharynx argyrosoma,ILLUMINA,ERP023585,Otopharynx argyrosoma
ERR14734255,302,14487252872,PRJEB21343,SAMEA117806199,ERX14135680,HiSeq X Ten,DN495180V:F10,PAIRED,RANDOM,GENOMIC,Otopharynx argyrosoma,ILLUMINA,ERP023585,Otopharynx argyrosoma
ERR14734256,302,20057698138,PRJEB21343,SAMEA117806200,ERX14135681,HiSeq X Ten,DN495180V:G10,PAIRED,RANDOM,GENOMIC,Otopharynx argyrosoma,ILLUMINA,ERP023585,Otopharynx argyrosoma
ERR14734257,302,17852634266,PRJEB21343,SAMEA117806201,ERX14135682,HiSeq X Ten,DN495180V:H10,PAIRED,RANDOM,GENOMIC,Otopharynx argyrosoma,ILLUMINA,ERP023585,Otopharynx argyrosoma
ERR14734258,302,14453019662,PRJEB21343,SAMEA117805629,ERX14135683,HiSeq X Ten,DN495167B:A1,PAIRED,RANDOM,GENOMIC,Diplotaxodon sp. 'big eye black dorsal 2016',ILLUMINA,ERP023585,Diplotaxodon sp. 'big eye black dorsal 2016'
ERR14734259,302,16051988862,PRJEB21343,SAMEA117805630,ERX14135684,HiSeq X Ten,DN495167B:B1,PAIRED,RANDOM,GENOMIC,Diplotaxodon sp. 'big eye black dorsal 2016',ILLUMINA,ERP023585,Diplotaxodon sp. 'big eye black dorsal 2016'
ERR14734260,302,12188428268,PRJEB21343,SAMEA117805631,ERX14135685,HiSeq X Ten,DN495167B:C1,PAIRED,RANDOM,GENOMIC,Diplotaxodon sp. 'big eye black dorsal 2016',ILLUMINA,ERP023585,Diplotaxodon sp. 'big eye black dorsal 2016'
ERR14734261,302,17870726784,PRJEB21343,SAMEA117805632,ERX14135686,HiSeq X Ten,DN495167B:D1,PAIRED,RANDOM,GENOMIC,Diplotaxodon sp. 'big eye black dorsal 2016',ILLUMINA,ERP023585,Diplotaxodon sp. 'big eye black dorsal 2016'
ERR14734262,302,19579585328,PRJEB21343,SAMEA117805633,ERX14135687,HiSeq X Ten,DN495167B:E1,PAIRED,RANDOM,GENOMIC,Diplotaxodon sp. 'big eye black dorsal 2016',ILLUMINA,ERP023585,Diplotaxodon sp. 'big eye black dorsal 2016'
ERR14734263,302,16543586576,PRJEB21343,SAMEA117805634,ERX14135688,HiSeq X Ten,DN495167B:F1,PAIRED,RANDOM,GENOMIC,Diplotaxodon sp. 'big eye black dorsal 2016',ILLUMINA,ERP023585,Diplotaxodon sp. 'big eye black dorsal 2016'
ERR14734264,302,15342396072,PRJEB21343,SAMEA117805635,ERX14135689,HiSeq X Ten,DN495167B:G1,PAIRED,RANDOM,GENOMIC,Diplotaxodon sp. 'big eye black dorsal 2016',ILLUMINA,ERP023585,Diplotaxodon sp. 'big eye black dorsal 2016'
ERR14734265,302,14719688078,PRJEB21343,SAMEA117805636,ERX14135690,HiSeq X Ten,DN495167B:H1,PAIRED,RANDOM,GENOMIC,Diplotaxodon sp. 'big eye black dorsal 2016',ILLUMINA,ERP023585,Diplotaxodon sp. 'big eye black dorsal 2016'
ERR14734266,302,15692271528,PRJEB21343,SAMEA117805844,ERX14135691,HiSeq X Ten,DN495170T:A9,PAIRED,RANDOM,GENOMIC,Tropheops sp. 'chiofu yellow 2016',ILLUMINA,ERP023585,Tropheops sp. 'chiofu yellow 2016'
ERR14734267,302,13711140052,PRJEB21343,SAMEA117805473,ERX14135692,HiSeq X Ten,DN495170T:B9,PAIRED,RANDOM,GENOMIC,Pseudotropheus lucerna,ILLUMINA,ERP023585,Pseudotropheus lucerna
ERR14734268,302,13742270212,PRJEB21343,SAMEA117805474,ERX14135693,HiSeq X Ten,DN495170T:C9,PAIRED,RANDOM,GENOMIC,Protomelas fenestratus,ILLUMINA,ERP023585,Protomelas fenestratus
ERR14734269,302,15041826042,PRJEB21343,SAMEA117805477,ERX14135694,HiSeq X Ten,DN495170T:D9,PAIRED,RANDOM,GENOMIC,Protomelas insignis,ILLUMINA,ERP023585,Protomelas insignis
ERR14734270,302,15488459882,PRJEB21343,SAMEA117805478,ERX14135695,HiSeq X Ten,DN495170T:E9,PAIRED,RANDOM,GENOMIC,Petrotilapia microgalana,ILLUMINA,ERP023585,Petrotilapia microgalana
ERR14734271,302,16807982442,PRJEB21343,SAMEA117805479,ERX14135696,HiSeq X Ten,DN495170T:F9,PAIRED,RANDOM,GENOMIC,Petrotilapia microgalana,ILLUMINA,ERP023585,Petrotilapia microgalana
ERR14734272,302,16481979180,PRJEB21343,SAMEA117805480,ERX14135697,HiSeq X Ten,DN495170T:G9,PAIRED,RANDOM,GENOMIC,Petrotilapia microgalana,ILLUMINA,ERP023585,Petrotilapia microgalana
ERR14734273,302,17128321090,PRJEB21343,SAMEA117805481,ERX14135698,HiSeq X Ten,DN495170T:H9,PAIRED,RANDOM,GENOMIC,Ctenopharynx pictus,ILLUMINA,ERP023585,Ctenopharynx pictus
ERR14734274,302,16378624814,PRJEB21343,SAMEA117805530,ERX14135699,HiSeq X Ten,DN495170T:B12,PAIRED,RANDOM,GENOMIC,Tropheops sp. 'olive',ILLUMINA,ERP023585,Tropheops sp. 'olive'
ERR14734275,302,18498320836,PRJEB21343,SAMEA117805537,ERX14135700,HiSeq X Ten,DN495170T:C12,PAIRED,RANDOM,GENOMIC,Tropheops tropheops gracilior,ILLUMINA,ERP023585,Tropheops gracilior
ERR14734276,302,16806244130,PRJEB21343,SAMEA117805542,ERX14135701,HiSeq X Ten,DN495170T:D12,PAIRED,RANDOM,GENOMIC,Tropheops sp. 'band',ILLUMINA,ERP023585,Tropheops sp. 'band'
ERR14734277,302,19270357864,PRJEB21343,SAMEA117805543,ERX14135702,HiSeq X Ten,DN495170T:E12,PAIRED,RANDOM,GENOMIC,Tropheops sp. 'band',ILLUMINA,ERP023585,Tropheops sp. 'band'
ERR14734278,302,20020765350,PRJEB21343,SAMEA117805544,ERX14135703,HiSeq X Ten,DN495170T:F12,PAIRED,RANDOM,GENOMIC,Tropheops sp. 'band',ILLUMINA,ERP023585,Tropheops sp. 'band'
ERR14734279,302,19668889144,PRJEB21343,SAMEA117805549,ERX14135704,HiSeq X Ten,DN495170T:G12,PAIRED,RANDOM,GENOMIC,Hemitaeniochromis urotaenia,ILLUMINA,ERP023585,Hemitaeniochromis urotaenia
ERR14734280,302,18062908108,PRJEB21343,SAMEA117805550,ERX14135705,HiSeq X Ten,DN495170T:H12,PAIRED,RANDOM,GENOMIC,Otopharynx speciosus,ILLUMINA,ERP023585,Otopharynx speciosus
ERR14734281,302,15523138542,PRJEB21343,SAMEA117806034,ERX14135706,HiSeq X Ten,DN495173W:A10,PAIRED,RANDOM,GENOMIC,Fossorochromis rostratus,ILLUMINA,ERP023585,Fossorochromis rostratus
ERR14734282,302,15513173448,PRJEB21343,SAMEA117806035,ERX14135707,HiSeq X Ten,DN495173W:B10,PAIRED,RANDOM,GENOMIC,Fossorochromis rostratus,ILLUMINA,ERP023585,Fossorochromis rostratus
ERR14734283,302,15328064360,PRJEB21343,SAMEA117806036,ERX14135708,HiSeq X Ten,DN495173W:C10,PAIRED,RANDOM,GENOMIC,Fossorochromis rostratus,ILLUMINA,ERP023585,Fossorochromis rostratus
ERR14734284,302,14248720890,PRJEB21343,SAMEA117806037,ERX14135709,HiSeq X Ten,DN495173W:D10,PAIRED,RANDOM,GENOMIC,Fossorochromis rostratus,ILLUMINA,ERP023585,Fossorochromis rostratus
ERR14734285,302,16462736042,PRJEB21343,SAMEA117806038,ERX14135710,HiSeq X Ten,DN495173W:E10,PAIRED,RANDOM,GENOMIC,Fossorochromis rostratus,ILLUMINA,ERP023585,Fossorochromis rostratus
ERR14734286,302,15214599638,PRJEB21343,SAMEA117806039,ERX14135711,HiSeq X Ten,DN495173W:F10,PAIRED,RANDOM,GENOMIC,Fossorochromis rostratus,ILLUMINA,ERP023585,Fossorochromis rostratus
ERR14734287,302,18210156664,PRJEB21343,SAMEA117806040,ERX14135712,HiSeq X Ten,DN495173W:G10,PAIRED,RANDOM,GENOMIC,Fossorochromis rostratus,ILLUMINA,ERP023585,Fossorochromis rostratus
ERR14734288,302,18216962234,PRJEB21343,SAMEA117806041,ERX14135713,HiSeq X Ten,DN495173W:H10,PAIRED,RANDOM,GENOMIC,Otopharynx tetrastigma,ILLUMINA,ERP023585,Otopharynx tetrastigma
ERR14734289,302,14972303528,PRJEB21343,SAMEA117806049,ERX14135714,HiSeq X Ten,DN495173W:B12,PAIRED,RANDOM,GENOMIC,Fossorochromis rostratus,ILLUMINA,ERP023585,Fossorochromis rostratus
ERR14734290,302,15831851700,PRJEB21343,SAMEA117806050,ERX14135715,HiSeq X Ten,DN495173W:C12,PAIRED,RANDOM,GENOMIC,Fossorochromis rostratus,ILLUMINA,ERP023585,Fossorochromis rostratus
ERR14734291,302,17881075116,PRJEB21343,SAMEA117806051,ERX14135716,HiSeq X Ten,DN495173W:D12,PAIRED,RANDOM,GENOMIC,Fossorochromis rostratus,ILLUMINA,ERP023585,Fossorochromis rostratus
ERR14734292,302,18448226888,PRJEB21343,SAMEA117806052,ERX14135717,HiSeq X Ten,DN495173W:E12,PAIRED,RANDOM,GENOMIC,Stigmatochromis melanchros,ILLUMINA,ERP023585,Stigmatochromis melanchros
ERR14734293,302,17286966522,PRJEB21343,SAMEA117806053,ERX14135718,HiSeq X Ten,DN495173W:F12,PAIRED,RANDOM,GENOMIC,Lethrinops lethrinus,ILLUMINA,ERP023585,Lethrinops lethrinus
ERR14734294,302,18735656898,PRJEB21343,SAMEA117806054,ERX14135719,HiSeq X Ten,DN495173W:G12,PAIRED,RANDOM,GENOMIC,Lethrinops lethrinus,ILLUMINA,ERP023585,Lethrinops lethrinus
ERR14734295,302,15587038118,PRJEB21343,SAMEA117806055,ERX14135720,HiSeq X Ten,DN495173W:H12,PAIRED,RANDOM,GENOMIC,Lethrinops lethrinus,ILLUMINA,ERP023585,Lethrinops lethrinus
ERR14734296,302,16838204186,PRJEB21343,SAMEA117806112,ERX14135721,HiSeq X Ten,DN495179F:A8,PAIRED,RANDOM,GENOMIC,Copadichromis chrysonotus,ILLUMINA,ERP023585,Copadichromis chrysonotus
ERR14734297,302,16292602228,PRJEB21343,SAMEA117806113,ERX14135722,HiSeq X Ten,DN495179F:B8,PAIRED,RANDOM,GENOMIC,Copadichromis chrysonotus,ILLUMINA,ERP023585,Copadichromis chrysonotus
ERR14734298,302,16769960340,PRJEB21343,SAMEA117806114,ERX14135723,HiSeq X Ten,DN495179F:C8,PAIRED,RANDOM,GENOMIC,Copadichromis chrysonotus,ILLUMINA,ERP023585,Copadichromis chrysonotus
ERR14734299,302,15323821562,PRJEB21343,SAMEA117806115,ERX14135724,HiSeq X Ten,DN495179F:D8,PAIRED,RANDOM,GENOMIC,Copadichromis chrysonotus,ILLUMINA,ERP023585,Copadichromis chrysonotus
ERR14734300,302,18848088780,PRJEB21343,SAMEA117805948,ERX14135725,HiSeq X Ten,DN495179F:E8,PAIRED,RANDOM,GENOMIC,Cheilochromis euchilus,ILLUMINA,ERP023585,Cheilochromis euchilus
ERR14734301,302,17916170838,PRJEB21343,SAMEA117805952,ERX14135726,HiSeq X Ten,DN495179F:F8,PAIRED,RANDOM,GENOMIC,Pseudotropheus crabro,ILLUMINA,ERP023585,Pseudotropheus crabro
ERR14734302,302,16944933402,PRJEB21343,SAMEA117805955,ERX14135727,HiSeq X Ten,DN495179F:G8,PAIRED,RANDOM,GENOMIC,Melanochromis auratus,ILLUMINA,ERP023585,Melanochromis auratus
ERR14734303,302,16581536500,PRJEB21343,SAMEA117805964,ERX14135728,HiSeq X Ten,DN495179F:H8,PAIRED,RANDOM,GENOMIC,Melanochromis auratus,ILLUMINA,ERP023585,Melanochromis auratus
ERR14734304,302,15112615144,PRJEB21343,SAMEA117806202,ERX14135729,HiSeq X Ten,DN495180V:A11,PAIRED,RANDOM,GENOMIC,Otopharynx argyrosoma,ILLUMINA,ERP023585,Otopharynx argyrosoma
ERR14734305,302,16035007402,PRJEB21343,SAMEA117806203,ERX14135730,HiSeq X Ten,DN495180V:B11,PAIRED,RANDOM,GENOMIC,Otopharynx argyrosoma,ILLUMINA,ERP023585,Otopharynx argyrosoma
ERR14734306,302,12879081128,PRJEB21343,SAMEA117806207,ERX14135731,HiSeq X Ten,DN495180V:C11,PAIRED,RANDOM,GENOMIC,Fossorochromis rostratus,ILLUMINA,ERP023585,Fossorochromis rostratus
ERR14734307,302,15750250998,PRJEB21343,SAMEA117806208,ERX14135732,HiSeq X Ten,DN495180V:D11,PAIRED,RANDOM,GENOMIC,Lethrinops gossei,ILLUMINA,ERP023585,Lethrinops gossei
ERR14734308,302,23281473846,PRJEB21343,SAMEA117806209,ERX14135733,HiSeq X Ten,DN495180V:E11,PAIRED,RANDOM,GENOMIC,Diplotaxodon cf. longimaxilla,ILLUMINA,ERP023585,Diplotaxodon cf. longimaxilla
ERR14734309,302,16481068348,PRJEB21343,SAMEA117806210,ERX14135734,HiSeq X Ten,DN495180V:F11,PAIRED,RANDOM,GENOMIC,Tropheops tropheops gracilior,ILLUMINA,ERP023585,Tropheops gracilior
ERR14734310,302,15383604274,PRJEB21343,SAMEA117806211,ERX14135735,HiSeq X Ten,DN495180V:G11,PAIRED,RANDOM,GENOMIC,Tropheops tropheops gracilior,ILLUMINA,ERP023585,Tropheops gracilior
ERR14734311,302,15005085628,PRJEB21343,SAMEA117806212,ERX14135736,HiSeq X Ten,DN495180V:H11,PAIRED,RANDOM,GENOMIC,Tropheops tropheops gracilior,ILLUMINA,ERP023585,Tropheops gracilior
ERR14734312,302,12449198926,PRJEB21343,SAMEA117806230,ERX14135737,HiSeq X Ten,DN495194E:A2,PAIRED,RANDOM,GENOMIC,Fossorochromis rostratus,ILLUMINA,ERP023585,Fossorochromis rostratus
ERR14734313,302,15113942736,PRJEB21343,SAMEA117806232,ERX14135738,HiSeq X Ten,DN495194E:B2,PAIRED,RANDOM,GENOMIC,Maylandia emmiltos,ILLUMINA,ERP023585,Maylandia emmiltos
ERR14734314,302,15230357696,PRJEB21343,SAMEA117806233,ERX14135739,HiSeq X Ten,DN495194E:C2,PAIRED,RANDOM,GENOMIC,Maylandia emmiltos,ILLUMINA,ERP023585,Maylandia emmiltos
ERR14734315,302,19937827090,PRJEB21343,SAMEA117806234,ERX14135740,HiSeq X Ten,DN495194E:D2,PAIRED,RANDOM,GENOMIC,Maylandia emmiltos,ILLUMINA,ERP023585,Maylandia emmiltos
ERR14734316,302,17279631244,PRJEB21343,SAMEA117806235,ERX14135741,HiSeq X Ten,DN495194E:E2,PAIRED,RANDOM,GENOMIC,Maylandia emmiltos,ILLUMINA,ERP023585,Maylandia emmiltos
ERR14734317,302,16103955512,PRJEB21343,SAMEA117806236,ERX14135742,HiSeq X Ten,DN495194E:F2,PAIRED,RANDOM,GENOMIC,Maylandia emmiltos,ILLUMINA,ERP023585,Maylandia emmiltos
ERR14734318,302,17079065192,PRJEB21343,SAMEA117806237,ERX14135743,HiSeq X Ten,DN495194E:G2,PAIRED,RANDOM,GENOMIC,Maylandia emmiltos,ILLUMINA,ERP023585,Maylandia emmiltos
ERR14734319,302,16188019930,PRJEB21343,SAMEA117806238,ERX14135744,HiSeq X Ten,DN495194E:H2,PAIRED,RANDOM,GENOMIC,Maylandia emmiltos,ILLUMINA,ERP023585,Maylandia emmiltos
ERR14734320,302,14839155352,PRJEB21343,SAMEA117805928,ERX14135745,HiSeq X Ten,DN495173W:A9,PAIRED,RANDOM,GENOMIC,Aulonocara sp. 'malembo orange 2016',ILLUMINA,ERP023585,Aulonocara sp. 'malembo orange 2016'
ERR14734321,302,15316294514,PRJEB21343,SAMEA117805929,ERX14135746,HiSeq X Ten,DN495173W:B9,PAIRED,RANDOM,GENOMIC,Aulonocara sp. 'malembo orange 2016',ILLUMINA,ERP023585,Aulonocara sp. 'malembo orange 2016'
ERR14734322,302,15186089026,PRJEB21343,SAMEA117805930,ERX14135747,HiSeq X Ten,DN495173W:C9,PAIRED,RANDOM,GENOMIC,Aulonocara sp. 'malembo orange 2016',ILLUMINA,ERP023585,Aulonocara sp. 'malembo orange 2016'
ERR14734323,302,16173909282,PRJEB21343,SAMEA117805931,ERX14135748,HiSeq X Ten,DN495173W:D9,PAIRED,RANDOM,GENOMIC,Aulonocara sp. 'malembo orange 2016',ILLUMINA,ERP023585,Aulonocara sp. 'malembo orange 2016'
ERR14734324,302,16538284966,PRJEB21343,SAMEA117805932,ERX14135749,HiSeq X Ten,DN495173W:E9,PAIRED,RANDOM,GENOMIC,Aulonocara sp. 'malembo orange 2016',ILLUMINA,ERP023585,Aulonocara sp. 'malembo orange 2016'
ERR14734325,302,16539533434,PRJEB21343,SAMEA117805933,ERX14135750,HiSeq X Ten,DN495173W:F9,PAIRED,RANDOM,GENOMIC,Aulonocara sp. 'malembo orange 2016',ILLUMINA,ERP023585,Aulonocara sp. 'malembo orange 2016'
ERR14734326,302,18777746034,PRJEB21343,SAMEA117805934,ERX14135751,HiSeq X Ten,DN495173W:G9,PAIRED,RANDOM,GENOMIC,Otopharynx speciosus,ILLUMINA,ERP023585,Otopharynx speciosus
ERR14734327,302,17468306650,PRJEB21343,SAMEA117806033,ERX14135752,HiSeq X Ten,DN495173W:H9,PAIRED,RANDOM,GENOMIC,Fossorochromis rostratus,ILLUMINA,ERP023585,Fossorochromis rostratus
ERR14734328,302,16353470630,PRJEB21343,SAMEA117806239,ERX14135753,HiSeq X Ten,DN495194E:A3,PAIRED,RANDOM,GENOMIC,Maylandia emmiltos,ILLUMINA,ERP023585,Maylandia emmiltos
ERR14734329,302,15968931312,PRJEB21343,SAMEA117806240,ERX14135754,HiSeq X Ten,DN495194E:B3,PAIRED,RANDOM,GENOMIC,Maylandia fainzilberi,ILLUMINA,ERP023585,Maylandia fainzilberi
ERR14734330,302,17232636420,PRJEB21343,SAMEA117806241,ERX14135755,HiSeq X Ten,DN495194E:C3,PAIRED,RANDOM,GENOMIC,Maylandia fainzilberi,ILLUMINA,ERP023585,Maylandia fainzilberi
ERR14734331,302,20257788238,PRJEB21343,SAMEA117806242,ERX14135756,HiSeq X Ten,DN495194E:D3,PAIRED,RANDOM,GENOMIC,Maylandia fainzilberi,ILLUMINA,ERP023585,Maylandia fainzilberi
ERR14734332,302,16283069598,PRJEB21343,SAMEA117806243,ERX14135757,HiSeq X Ten,DN495194E:E3,PAIRED,RANDOM,GENOMIC,Maylandia fainzilberi,ILLUMINA,ERP023585,Maylandia fainzilberi
ERR14734333,302,18441324074,PRJEB21343,SAMEA117806244,ERX14135758,HiSeq X Ten,DN495194E:F3,PAIRED,RANDOM,GENOMIC,Maylandia fainzilberi,ILLUMINA,ERP023585,Maylandia fainzilberi
ERR14734334,302,15692394140,PRJEB21343,SAMEA117806245,ERX14135759,HiSeq X Ten,DN495194E:G3,PAIRED,RANDOM,GENOMIC,Maylandia fainzilberi,ILLUMINA,ERP023585,Maylandia fainzilberi
ERR14734335,302,17604759008,PRJEB21343,SAMEA117806246,ERX14135760,HiSeq X Ten,DN495194E:H3,PAIRED,RANDOM,GENOMIC,Maylandia fainzilberi,ILLUMINA,ERP023585,Maylandia fainzilberi
ERR14734336,302,15458350482,PRJEB21343,SAMEA117806247,ERX14135761,HiSeq X Ten,DN495194E:A4,PAIRED,RANDOM,GENOMIC,Maylandia fainzilberi,ILLUMINA,ERP023585,Maylandia fainzilberi
ERR14734337,302,16687915094,PRJEB21343,SAMEA117806248,ERX14135762,HiSeq X Ten,DN495194E:B4,PAIRED,RANDOM,GENOMIC,Maylandia fainzilberi,ILLUMINA,ERP023585,Maylandia fainzilberi
ERR14734338,302,16164251926,PRJEB21343,SAMEA117806249,ERX14135763,HiSeq X Ten,DN495194E:C4,PAIRED,RANDOM,GENOMIC,Maylandia fainzilberi,ILLUMINA,ERP023585,Maylandia fainzilberi
ERR14734339,302,35582331580,PRJEB21343,SAMEA117806252,ERX14135764,HiSeq X Ten,DN495194E:D4,PAIRED,RANDOM,GENOMIC,Maylandia fainzilberi,ILLUMINA,ERP023585,Maylandia fainzilberi
ERR14734340,302,14863402328,PRJEB21343,SAMEA117806254,ERX14135765,HiSeq X Ten,DN495194E:E4,PAIRED,RANDOM,GENOMIC,Maylandia fainzilberi,ILLUMINA,ERP023585,Maylandia fainzilberi
ERR14734341,302,15012364432,PRJEB21343,SAMEA117806256,ERX14135766,HiSeq X Ten,DN495194E:F4,PAIRED,RANDOM,GENOMIC,Astatotilapia calliptera,ILLUMINA,ERP023585,Astatotilapia calliptera
ERR14734342,302,15072947746,PRJEB21343,SAMEA117806257,ERX14135767,HiSeq X Ten,DN495194E:G4,PAIRED,RANDOM,GENOMIC,Astatotilapia calliptera,ILLUMINA,ERP023585,Astatotilapia calliptera
ERR14734343,302,12517492904,PRJEB21343,SAMEA117806258,ERX14135768,HiSeq X Ten,DN495194E:H4,PAIRED,RANDOM,GENOMIC,Astatotilapia calliptera,ILLUMINA,ERP023585,Astatotilapia calliptera
ERR14734344,302,13640216560,PRJEB21343,SAMEA117805429,ERX14135769,HiSeq X Ten,DN495194E:A11,PAIRED,RANDOM,GENOMIC,Tropheops sp. 'rust',ILLUMINA,ERP023585,Tropheops sp. 'rust'
ERR14734345,302,17306508942,PRJEB21343,SAMEA117805430,ERX14135770,HiSeq X Ten,DN495194E:B11,PAIRED,RANDOM,GENOMIC,Chindongo minutus,ILLUMINA,ERP023585,Chindongo minutus
ERR14734346,302,25264792406,PRJEB21343,SAMEA117805431,ERX14135771,HiSeq X Ten,DN495194E:C11,PAIRED,RANDOM,GENOMIC,Diplotaxodon sp. 'big eye black dorsal 2016',ILLUMINA,ERP023585,Diplotaxodon sp. 'big eye black dorsal 2016'
ERR14734347,302,18783457760,PRJEB21343,SAMEA117805432,ERX14135772,HiSeq X Ten,DN495194E:E11,PAIRED,RANDOM,GENOMIC,Rhamphochromis sp. 'long snout',ILLUMINA,ERP023585,Rhamphochromis sp. 'long snout'
ERR14734348,302,16659323546,PRJEB21343,SAMEA117805433,ERX14135773,HiSeq X Ten,DN495194E:F11,PAIRED,RANDOM,GENOMIC,Copadichromis quadrimaculatus,ILLUMINA,ERP023585,Copadichromis quadrimaculatus
ERR14734349,302,15734881916,PRJEB21343,SAMEA117805434,ERX14135774,HiSeq X Ten,DN495194E:H11,PAIRED,RANDOM,GENOMIC,Tropheops tropheops gracilior,ILLUMINA,ERP023585,Tropheops gracilior
ERR14734350,302,20729817560,PRJEB21343,SAMEA117806140,ERX14135775,HiSeq X Ten,DN495191B:A9,PAIRED,RANDOM,GENOMIC,Mylochromis subocularis,ILLUMINA,ERP023585,Mylochromis subocularis
ERR14734351,302,21118311568,PRJEB21343,SAMEA117806143,ERX14135776,HiSeq X Ten,DN495191B:B9,PAIRED,RANDOM,GENOMIC,Mylochromis subocularis,ILLUMINA,ERP023585,Mylochromis subocularis
ERR14734352,302,20270907118,PRJEB21343,SAMEA117806153,ERX14135777,HiSeq X Ten,DN495191B:C9,PAIRED,RANDOM,GENOMIC,Lethrinops lethrinus,ILLUMINA,ERP023585,Lethrinops lethrinus
ERR14734353,302,19644377616,PRJEB21343,SAMEA117806156,ERX14135778,HiSeq X Ten,DN495191B:D9,PAIRED,RANDOM,GENOMIC,Oreochromis shiranus,ILLUMINA,ERP023585,Oreochromis shiranus
ERR14734354,302,20416961566,PRJEB21343,SAMEA117806157,ERX14135779,HiSeq X Ten,DN495191B:E9,PAIRED,RANDOM,GENOMIC,Oreochromis karongae,ILLUMINA,ERP023585,Oreochromis karongae
ERR14734355,302,18624575258,PRJEB21343,SAMEA117806173,ERX14135780,HiSeq X Ten,DN495191B:F9,PAIRED,RANDOM,GENOMIC,Lethrinops lethrinus,ILLUMINA,ERP023585,Lethrinops lethrinus
ERR14734356,302,22822594208,PRJEB21343,SAMEA117806174,ERX14135781,HiSeq X Ten,DN495191B:G9,PAIRED,RANDOM,GENOMIC,Lethrinops lethrinus,ILLUMINA,ERP023585,Lethrinops lethrinus
ERR14734357,302,19536411710,PRJEB21343,SAMEA117806175,ERX14135782,HiSeq X Ten,DN495191B:H9,PAIRED,RANDOM,GENOMIC,Lethrinops lethrinus,ILLUMINA,ERP023585,Lethrinops lethrinus
ERR14734358,302,17613684316,PRJEB21343,SAMEA117806204,ERX14135783,HiSeq X Ten,DN495191B:A10,PAIRED,RANDOM,GENOMIC,Fossorochromis rostratus,ILLUMINA,ERP023585,Fossorochromis rostratus
ERR14734359,302,22334597844,PRJEB21343,SAMEA117806205,ERX14135784,HiSeq X Ten,DN495191B:B10,PAIRED,RANDOM,GENOMIC,Fossorochromis rostratus,ILLUMINA,ERP023585,Fossorochromis rostratus
ERR14734360,302,21098881190,PRJEB21343,SAMEA117806206,ERX14135785,HiSeq X Ten,DN495191B:C10,PAIRED,RANDOM,GENOMIC,Fossorochromis rostratus,ILLUMINA,ERP023585,Fossorochromis rostratus
ERR14734361,302,17439635676,PRJEB21343,SAMEA117806215,ERX14135786,HiSeq X Ten,DN495191B:D10,PAIRED,RANDOM,GENOMIC,Otopharynx sp. 'heterodon nankumba',ILLUMINA,ERP023585,Otopharynx sp. 'heterodon nankumba'
ERR14734362,302,17556320322,PRJEB21343,SAMEA117806219,ERX14135787,HiSeq X Ten,DN495191B:E10,PAIRED,RANDOM,GENOMIC,Fossorochromis rostratus,ILLUMINA,ERP023585,Fossorochromis rostratus
ERR14734363,302,15999628706,PRJEB21343,SAMEA117806220,ERX14135788,HiSeq X Ten,DN495191B:F10,PAIRED,RANDOM,GENOMIC,Fossorochromis rostratus,ILLUMINA,ERP023585,Fossorochromis rostratus
ERR14734364,302,19944377772,PRJEB21343,SAMEA117806231,ERX14135789,HiSeq X Ten,DN495191B:G10,PAIRED,RANDOM,GENOMIC,Coptodon rendalli,ILLUMINA,ERP023585,Coptodon rendalli
ERR14734365,302,20158326350,PRJEB21343,SAMEA117806250,ERX14135790,HiSeq X Ten,DN495191B:H10,PAIRED,RANDOM,GENOMIC,Maylandia fainzilberi,ILLUMINA,ERP023585,Maylandia fainzilberi
ERR14734366,302,17959162350,PRJEB21343,SAMEA117806251,ERX14135791,HiSeq X Ten,DN495191B:A11,PAIRED,RANDOM,GENOMIC,Maylandia fainzilberi,ILLUMINA,ERP023585,Maylandia fainzilberi
ERR14734367,302,23003899304,PRJEB21343,SAMEA117806253,ERX14135792,HiSeq X Ten,DN495191B:B11,PAIRED,RANDOM,GENOMIC,Maylandia fainzilberi,ILLUMINA,ERP023585,Maylandia fainzilberi
ERR14734368,302,17683447826,PRJEB21343,SAMEA117806255,ERX14135793,HiSeq X Ten,DN495191B:C11,PAIRED,RANDOM,GENOMIC,Astatotilapia calliptera,ILLUMINA,ERP023585,Astatotilapia calliptera
ERR14734369,302,18488673446,PRJEB21343,SAMEA117805441,ERX14135794,HiSeq X Ten,DN495191B:E11,PAIRED,RANDOM,GENOMIC,Pseudotropheus fuscus,ILLUMINA,ERP023585,Pseudotropheus fuscus
ERR14734370,302,18954923998,PRJEB21343,SAMEA117805442,ERX14135795,HiSeq X Ten,DN495191B:F11,PAIRED,RANDOM,GENOMIC,Tropheops sp. 'band',ILLUMINA,ERP023585,Tropheops sp. 'band'
ERR14734371,302,18313483246,PRJEB21343,SAMEA117805458,ERX14135796,HiSeq X Ten,DN495191B:G11,PAIRED,RANDOM,GENOMIC,Rhamphochromis sp. 'grey back Chiofu 2016',ILLUMINA,ERP023585,Rhamphochromis sp. 'grey back Chiofu 2016'
ERR14734372,302,19872184974,PRJEB21343,SAMEA117805462,ERX14135797,HiSeq X Ten,DN495191B:H11,PAIRED,RANDOM,GENOMIC,Pseudotropheus sp. 'acei',ILLUMINA,ERP023585,Pseudotropheus sp. 'acei'
ERR14734373,302,21223682388,PRJEB21343,SAMEA117805469,ERX14135798,HiSeq X Ten,DN495191B:A12,PAIRED,RANDOM,GENOMIC,Diplotaxodon ecclesi,ILLUMINA,ERP023585,Diplotaxodon ecclesi
ERR14734374,302,19530876654,PRJEB21343,SAMEA117805471,ERX14135799,HiSeq X Ten,DN495191B:B12,PAIRED,RANDOM,GENOMIC,Rhamphochromis sp. 'long fin Cape Maclear 2016',ILLUMINA,ERP023585,Rhamphochromis sp. 'long fin Cape Maclear 2016'
ERR14734375,302,15665828408,PRJEB21343,SAMEA117806158,ERX14135800,HiSeq X Ten,DN495180V:A6,PAIRED,RANDOM,GENOMIC,Maylandia lanisticola,ILLUMINA,ERP023585,Maylandia lanisticola
ERR14734376,302,14408249068,PRJEB21343,SAMEA117806159,ERX14135801,HiSeq X Ten,DN495180V:B6,PAIRED,RANDOM,GENOMIC,Otopharynx argyrosoma,ILLUMINA,ERP023585,Otopharynx argyrosoma
ERR14734377,302,14594968722,PRJEB21343,SAMEA117806160,ERX14135802,HiSeq X Ten,DN495180V:C6,PAIRED,RANDOM,GENOMIC,Otopharynx argyrosoma,ILLUMINA,ERP023585,Otopharynx argyrosoma
ERR14734378,302,15960426388,PRJEB21343,SAMEA117806161,ERX14135803,HiSeq X Ten,DN495180V:D6,PAIRED,RANDOM,GENOMIC,Otopharynx argyrosoma,ILLUMINA,ERP023585,Otopharynx argyrosoma
ERR14734379,302,17173862690,PRJEB21343,SAMEA117806162,ERX14135804,HiSeq X Ten,DN495180V:E6,PAIRED,RANDOM,GENOMIC,Otopharynx argyrosoma,ILLUMINA,ERP023585,Otopharynx argyrosoma
ERR14734380,302,16683992416,PRJEB21343,SAMEA117806163,ERX14135805,HiSeq X Ten,DN495180V:F6,PAIRED,RANDOM,GENOMIC,Otopharynx argyrosoma,ILLUMINA,ERP023585,Otopharynx argyrosoma
ERR14734381,302,15792228394,PRJEB21343,SAMEA117806165,ERX14135806,HiSeq X Ten,DN495180V:G6,PAIRED,RANDOM,GENOMIC,Otopharynx argyrosoma,ILLUMINA,ERP023585,Otopharynx argyrosoma
ERR14734382,302,17719830974,PRJEB21343,SAMEA117806166,ERX14135807,HiSeq X Ten,DN495180V:H6,PAIRED,RANDOM,GENOMIC,Otopharynx argyrosoma,ILLUMINA,ERP023585,Otopharynx argyrosoma
ERR14734383,302,22117619602,PRJEB21343,SAMEA117806186,ERX14135808,HiSeq X Ten,DN495180V:A9,PAIRED,RANDOM,GENOMIC,Otopharynx argyrosoma,ILLUMINA,ERP023585,Otopharynx argyrosoma
ERR14734384,302,12564809962,PRJEB21343,SAMEA117806187,ERX14135809,HiSeq X Ten,DN495180V:B9,PAIRED,RANDOM,GENOMIC,Otopharynx argyrosoma,ILLUMINA,ERP023585,Otopharynx argyrosoma
ERR14734385,302,13260466056,PRJEB21343,SAMEA117806188,ERX14135810,HiSeq X Ten,DN495180V:C9,PAIRED,RANDOM,GENOMIC,Otopharynx argyrosoma,ILLUMINA,ERP023585,Otopharynx argyrosoma
ERR14734386,302,13463732592,PRJEB21343,SAMEA117806189,ERX14135811,HiSeq X Ten,DN495180V:D9,PAIRED,RANDOM,GENOMIC,Otopharynx argyrosoma,ILLUMINA,ERP023585,Otopharynx argyrosoma
ERR14734387,302,14888995016,PRJEB21343,SAMEA117806190,ERX14135812,HiSeq X Ten,DN495180V:E9,PAIRED,RANDOM,GENOMIC,Otopharynx argyrosoma,ILLUMINA,ERP023585,Otopharynx argyrosoma
ERR14734388,302,24381437574,PRJEB21343,SAMEA117806191,ERX14135813,HiSeq X Ten,DN495180V:F9,PAIRED,RANDOM,GENOMIC,Otopharynx argyrosoma,ILLUMINA,ERP023585,Otopharynx argyrosoma
ERR14734389,302,15651477066,PRJEB21343,SAMEA117806192,ERX14135814,HiSeq X Ten,DN495180V:G9,PAIRED,RANDOM,GENOMIC,Otopharynx argyrosoma,ILLUMINA,ERP023585,Otopharynx argyrosoma
ERR14734390,302,15247322546,PRJEB21343,SAMEA117806193,ERX14135815,HiSeq X Ten,DN495180V:H9,PAIRED,RANDOM,GENOMIC,Otopharynx argyrosoma,ILLUMINA,ERP023585,Otopharynx argyrosoma
ERR14734391,302,15564769242,PRJEB21343,SAMEA117806222,ERX14135816,HiSeq X Ten,DN495194E:A1,PAIRED,RANDOM,GENOMIC,Fossorochromis rostratus,ILLUMINA,ERP023585,Fossorochromis rostratus
ERR14734392,302,14859928724,PRJEB21343,SAMEA117806223,ERX14135817,HiSeq X Ten,DN495194E:B1,PAIRED,RANDOM,GENOMIC,Fossorochromis rostratus,ILLUMINA,ERP023585,Fossorochromis rostratus
ERR14734393,302,16991454690,PRJEB21343,SAMEA117806224,ERX14135818,HiSeq X Ten,DN495194E:C1,PAIRED,RANDOM,GENOMIC,Fossorochromis rostratus,ILLUMINA,ERP023585,Fossorochromis rostratus
ERR14734394,302,16453141804,PRJEB21343,SAMEA117806225,ERX14135819,HiSeq X Ten,DN495194E:D1,PAIRED,RANDOM,GENOMIC,Fossorochromis rostratus,ILLUMINA,ERP023585,Fossorochromis rostratus
ERR14734395,302,16406555586,PRJEB21343,SAMEA117806226,ERX14135820,HiSeq X Ten,DN495194E:E1,PAIRED,RANDOM,GENOMIC,Fossorochromis rostratus,ILLUMINA,ERP023585,Fossorochromis rostratus
ERR14734396,302,16145138950,PRJEB21343,SAMEA117806227,ERX14135821,HiSeq X Ten,DN495194E:F1,PAIRED,RANDOM,GENOMIC,Fossorochromis rostratus,ILLUMINA,ERP023585,Fossorochromis rostratus
ERR14734397,302,16056404102,PRJEB21343,SAMEA117806228,ERX14135822,HiSeq X Ten,DN495194E:G1,PAIRED,RANDOM,GENOMIC,Fossorochromis rostratus,ILLUMINA,ERP023585,Fossorochromis rostratus
ERR14734398,302,18116324056,PRJEB21343,SAMEA117806229,ERX14135823,HiSeq X Ten,DN495194E:H1,PAIRED,RANDOM,GENOMIC,Fossorochromis rostratus,ILLUMINA,ERP023585,Fossorochromis rostratus
ERR14734399,302,18727277908,PRJEB21343,SAMEA117805454,ERX14135824,HiSeq X Ten,DN495191B:H3,PAIRED,RANDOM,GENOMIC,Tropheops sp. 'chiofu yellow 2016',ILLUMINA,ERP023585,Tropheops sp. 'chiofu yellow 2016'
ERR14734400,302,17013117754,PRJEB21343,SAMEA117805464,ERX14135825,HiSeq X Ten,DN495191B:A5,PAIRED,RANDOM,GENOMIC,Maylandia lanisticola,ILLUMINA,ERP023585,Maylandia lanisticola
ERR14734401,302,17115133656,PRJEB21343,SAMEA117805465,ERX14135826,HiSeq X Ten,DN495191B:B5,PAIRED,RANDOM,GENOMIC,Copadichromis mloto,ILLUMINA,ERP023585,Copadichromis mloto
ERR14734402,302,17174291832,PRJEB21343,SAMEA117805466,ERX14135827,HiSeq X Ten,DN495191B:C5,PAIRED,RANDOM,GENOMIC,Copadichromis mloto,ILLUMINA,ERP023585,Copadichromis mloto
ERR14734403,302,17271336512,PRJEB21343,SAMEA117805467,ERX14135828,HiSeq X Ten,DN495191B:D5,PAIRED,RANDOM,GENOMIC,Rhamphochromis ferox,ILLUMINA,ERP023585,Rhamphochromis ferox
ERR14734404,302,17060094760,PRJEB21343,SAMEA117805468,ERX14135829,HiSeq X Ten,DN495191B:E5,PAIRED,RANDOM,GENOMIC,Rhamphochromis sp. 'pike Makanjira 2016',ILLUMINA,ERP023585,Rhamphochromis sp. 'pike Makanjira 2016'
ERR14734405,302,17655308070,PRJEB21343,SAMEA117805470,ERX14135830,HiSeq X Ten,DN495191B:F5,PAIRED,RANDOM,GENOMIC,Rhamphochromis sp. 'long snout',ILLUMINA,ERP023585,Rhamphochromis sp. 'long snout'
ERR14734406,302,18525637944,PRJEB21343,SAMEA117805472,ERX14135831,HiSeq X Ten,DN495191B:G5,PAIRED,RANDOM,GENOMIC,Rhamphochromis woodi,ILLUMINA,ERP023585,Rhamphochromis woodi
ERR14734407,302,12444874286,PRJEB21343,SAMEA117805637,ERX14135832,HiSeq X Ten,DN495167B:A2,PAIRED,RANDOM,GENOMIC,Diplotaxodon sp. 'big eye black dorsal 2016',ILLUMINA,ERP023585,Diplotaxodon sp. 'big eye black dorsal 2016'
ERR14734408,302,15573505800,PRJEB21343,SAMEA117805638,ERX14135833,HiSeq X Ten,DN495167B:B2,PAIRED,RANDOM,GENOMIC,Diplotaxodon sp. 'limnothrissa black dorsal',ILLUMINA,ERP023585,Diplotaxodon sp. 'limnothrissa black dorsal'
ERR14734409,302,17250650720,PRJEB21343,SAMEA117805639,ERX14135834,HiSeq X Ten,DN495167B:C2,PAIRED,RANDOM,GENOMIC,Diplotaxodon sp. 'big eye black dorsal 2016',ILLUMINA,ERP023585,Diplotaxodon sp. 'big eye black dorsal 2016'
ERR14734410,302,14108788888,PRJEB21343,SAMEA117805646,ERX14135835,HiSeq X Ten,DN495167B:D2,PAIRED,RANDOM,GENOMIC,Labeotropheus trewavasae,ILLUMINA,ERP023585,Labeotropheus trewavasae
ERR14734411,302,15242126032,PRJEB21343,SAMEA117805662,ERX14135836,HiSeq X Ten,DN495167B:E2,PAIRED,RANDOM,GENOMIC,Labeotropheus trewavasae,ILLUMINA,ERP023585,Labeotropheus trewavasae
ERR14734412,302,13173898662,PRJEB21343,SAMEA117805663,ERX14135837,HiSeq X Ten,DN495167B:F2,PAIRED,RANDOM,GENOMIC,Labeotropheus trewavasae,ILLUMINA,ERP023585,Labeotropheus trewavasae
ERR14734413,302,16459499508,PRJEB21343,SAMEA117805664,ERX14135838,HiSeq X Ten,DN495167B:G2,PAIRED,RANDOM,GENOMIC,Labeotropheus trewavasae,ILLUMINA,ERP023585,Labeotropheus trewavasae
ERR14734414,302,14942237918,PRJEB21343,SAMEA117805665,ERX14135839,HiSeq X Ten,DN495167B:H2,PAIRED,RANDOM,GENOMIC,Labeotropheus trewavasae,ILLUMINA,ERP023585,Labeotropheus trewavasae
ERR3457469,302,15444765616,PRJEB21343,SAMEA5806193,ERX3479264,Illumina HiSeq X Ten,DN495194E:B10,PAIRED,RANDOM,GENOMIC,Chindongo elongatus,ILLUMINA,ERP023585,Pseudotropheus c.f. elongatus
ERR3457470,302,18224528240,PRJEB21343,SAMEA5806192,ERX3479265,Illumina HiSeq X Ten,DN495191B:D11,PAIRED,RANDOM,GENOMIC,Tropheops sp. 'rust',ILLUMINA,ERP023585,Tropheops rust
ERR3409707,302,18823728554,PRJEB21343,SAMEA5737582,ERX3433353,Illumina HiSeq X Ten,DN495194E:D12,PAIRED,RANDOM,GENOMIC,Diplotaxodon sp. 'holochromis',ILLUMINA,ERP023585,Diplotaxodon holochromis
ERR3409708,302,14594921308,PRJEB21343,SAMEA5737583,ERX3433354,Illumina HiSeq X Ten,DN495191B:A2,PAIRED,RANDOM,GENOMIC,Diplotaxodon sp. 'holochromis',ILLUMINA,ERP023585,Diplotaxodon holochromis
ERR3409709,302,16972812834,PRJEB21343,SAMEA5737581,ERX3433355,Illumina HiSeq X Ten,DN495194E:D11,PAIRED,RANDOM,GENOMIC,Diplotaxodon sp. 'holochromis',ILLUMINA,ERP023585,Diplotaxodon holochromis